date,ba,peak_mw,avg_mw,latest_mw,capacity_mw,headroom_pct,source,fetched_at
2026-06-19,CISO,38369,27707,28946,80000,52.0,EIA-930 (demand) + EIA-860 (capacity),2026-06-19T18:19:00Z
2026-06-19,DUK,21103,13567,16166,50000,57.8,EIA-930 (demand) + EIA-860 (capacity),2026-06-19T18:19:00Z
2026-06-19,ERCO,82591,63867,66881,110000,24.9,EIA-930 (demand) + EIA-860 (capacity),2026-06-19T18:19:00Z
2026-06-19,ISNE,22186,12938,11791,31000,28.4,EIA-930 (demand) + EIA-860 (capacity),2026-06-19T18:19:00Z
2026-06-19,MISO,110202,80651,85685,145000,24.0,EIA-930 (demand) + EIA-860 (capacity),2026-06-19T18:19:00Z
2026-06-19,NYIS,27545,17071,16971,40000,31.1,EIA-930 (demand) + EIA-860 (capacity),2026-06-19T18:19:00Z
2026-06-19,PJM,145113,99343,102196,185000,21.6,EIA-930 (demand) + EIA-860 (capacity),2026-06-19T18:19:00Z
2026-06-19,SOCO,43166,29460,27351,52000,17.0,EIA-930 (demand) + EIA-860 (capacity),2026-06-19T18:19:00Z
2026-06-19,SWPP,49586,37171,36703,95000,47.8,EIA-930 (demand) + EIA-860 (capacity),2026-06-19T18:19:00Z
2026-06-20,CISO,38369,27780,25362,80000,52.0,EIA-930 (demand) + EIA-860 (capacity),2026-06-20T17:07:08Z
2026-06-20,DUK,21103,13551,13234,50000,57.8,EIA-930 (demand) + EIA-860 (capacity),2026-06-20T17:07:08Z
2026-06-20,ERCO,82591,63835,61409,110000,24.9,EIA-930 (demand) + EIA-860 (capacity),2026-06-20T17:07:08Z
2026-06-20,ISNE,22186,12983,9914,31000,28.4,EIA-930 (demand) + EIA-860 (capacity),2026-06-20T17:07:08Z
2026-06-20,MISO,110202,80468,76757,145000,24.0,EIA-930 (demand) + EIA-860 (capacity),2026-06-20T17:07:08Z
2026-06-20,NYIS,27545,17152,14822,40000,31.1,EIA-930 (demand) + EIA-860 (capacity),2026-06-20T17:07:08Z
2026-06-20,PJM,145113,99520,90183,185000,21.6,EIA-930 (demand) + EIA-860 (capacity),2026-06-20T17:07:08Z
2026-06-20,SOCO,43166,29436,27351,52000,17.0,EIA-930 (demand) + EIA-860 (capacity),2026-06-20T17:07:08Z
2026-06-20,SWPP,49586,37159,35450,95000,47.8,EIA-930 (demand) + EIA-860 (capacity),2026-06-20T17:07:08Z
2026-06-21,CISO,38369,27839,26139,80000,52.0,EIA-930 (demand) + EIA-860 (capacity),2026-06-21T17:10:25Z
2026-06-21,DUK,21103,13545,13866,50000,57.8,EIA-930 (demand) + EIA-860 (capacity),2026-06-21T17:10:25Z
2026-06-21,ERCO,82591,63756,59628,110000,24.9,EIA-930 (demand) + EIA-860 (capacity),2026-06-21T17:10:25Z
2026-06-21,ISNE,22186,13013,9630,31000,28.4,EIA-930 (demand) + EIA-860 (capacity),2026-06-21T17:10:25Z
2026-06-21,MISO,110202,80305,75652,145000,24.0,EIA-930 (demand) + EIA-860 (capacity),2026-06-21T17:10:25Z
2026-06-21,NYIS,27545,17256,14752,40000,31.1,EIA-930 (demand) + EIA-860 (capacity),2026-06-21T17:10:25Z
2026-06-21,PJM,145113,99846,92523,185000,21.6,EIA-930 (demand) + EIA-860 (capacity),2026-06-21T17:10:25Z
2026-06-21,SOCO,43166,29494,27351,52000,17.0,EIA-930 (demand) + EIA-860 (capacity),2026-06-21T17:10:25Z
2026-06-21,SWPP,49586,37189,34460,95000,47.8,EIA-930 (demand) + EIA-860 (capacity),2026-06-21T17:10:25Z
2026-06-22,CISO,38369,27980,27760,80000,52.0,EIA-930 (demand) + EIA-860 (capacity),2026-06-22T21:27:18Z
2026-06-22,DUK,21103,13753,20344,50000,57.8,EIA-930 (demand) + EIA-860 (capacity),2026-06-22T21:27:18Z
2026-06-22,ERCO,82591,64057,81291,110000,24.9,EIA-930 (demand) + EIA-860 (capacity),2026-06-22T21:27:18Z
2026-06-22,ISNE,22186,13136,14767,31000,28.4,EIA-930 (demand) + EIA-860 (capacity),2026-06-22T21:27:18Z
2026-06-22,MISO,110202,80467,87997,145000,24.0,EIA-930 (demand) + EIA-860 (capacity),2026-06-22T21:27:18Z
2026-06-22,NYIS,27545,17469,19199,40000,31.1,EIA-930 (demand) + EIA-860 (capacity),2026-06-22T21:27:18Z
2026-06-22,PJM,145113,100793,117601,185000,21.6,EIA-930 (demand) + EIA-860 (capacity),2026-06-22T21:27:18Z
2026-06-22,SOCO,43525,29658,39789,52000,16.3,EIA-930 (demand) + EIA-860 (capacity),2026-06-22T21:27:18Z
2026-06-22,SWPP,49586,37172,34603,95000,47.8,EIA-930 (demand) + EIA-860 (capacity),2026-06-22T21:27:18Z
2026-06-23,CISO,38369,28110,31382,80000,52.0,EIA-930 (demand) + EIA-860 (capacity),2026-06-23T18:27:26Z
2026-06-23,DUK,21103,13869,16137,50000,57.8,EIA-930 (demand) + EIA-860 (capacity),2026-06-23T18:27:26Z
2026-06-23,ERCO,82591,64198,72273,110000,24.9,EIA-930 (demand) + EIA-860 (capacity),2026-06-23T18:27:26Z
2026-06-23,ISNE,22186,13264,13794,31000,28.4,EIA-930 (demand) + EIA-860 (capacity),2026-06-23T18:27:26Z
2026-06-23,MISO,110202,80479,85530,145000,24.0,EIA-930 (demand) + EIA-860 (capacity),2026-06-23T18:27:26Z
2026-06-23,NYIS,27545,17613,17163,40000,31.1,EIA-930 (demand) + EIA-860 (capacity),2026-06-23T18:27:26Z
2026-06-23,PJM,145113,101356,102881,185000,21.6,EIA-930 (demand) + EIA-860 (capacity),2026-06-23T18:27:26Z
2026-06-23,SOCO,43525,29896,35065,52000,16.3,EIA-930 (demand) + EIA-860 (capacity),2026-06-23T18:27:26Z
2026-06-23,SWPP,49586,36958,36953,95000,47.8,EIA-930 (demand) + EIA-860 (capacity),2026-06-23T18:27:26Z
2026-06-24,CISO,38369,28188,28437,80000,52.0,EIA-930 (demand) + EIA-860 (capacity),2026-06-24T18:19:33Z
2026-06-24,DUK,21103,13960,14201,50000,57.8,EIA-930 (demand) + EIA-860 (capacity),2026-06-24T18:19:33Z
2026-06-24,ERCO,82591,64307,71697,110000,24.9,EIA-930 (demand) + EIA-860 (capacity),2026-06-24T18:19:33Z
2026-06-24,ISNE,22186,13356,11304,31000,28.4,EIA-930 (demand) + EIA-860 (capacity),2026-06-24T18:19:33Z
2026-06-24,MISO,110202,80460,86682,145000,24.0,EIA-930 (demand) + EIA-860 (capacity),2026-06-24T18:19:33Z
2026-06-24,NYIS,27545,17710,16533,40000,31.1,EIA-930 (demand) + EIA-860 (capacity),2026-06-24T18:19:33Z
2026-06-24,PJM,145113,101690,100533,185000,21.6,EIA-930 (demand) + EIA-860 (capacity),2026-06-24T18:19:33Z
2026-06-24,SOCO,43525,29958,32974,52000,16.3,EIA-930 (demand) + EIA-860 (capacity),2026-06-24T18:19:33Z
2026-06-24,SWPP,49586,36825,37736,95000,47.8,EIA-930 (demand) + EIA-860 (capacity),2026-06-24T18:19:33Z
2026-06-25,CISO,38369,28269,23615,80000,52.0,EIA-930 (demand) + EIA-860 (capacity),2026-06-25T13:37:45Z
2026-06-25,DUK,21103,14053,10895,50000,57.8,EIA-930 (demand) + EIA-860 (capacity),2026-06-25T13:37:45Z
2026-06-25,ERCO,82591,64697,55974,110000,24.9,EIA-930 (demand) + EIA-860 (capacity),2026-06-25T13:37:45Z
2026-06-25,ISNE,22186,13464,11809,31000,28.4,EIA-930 (demand) + EIA-860 (capacity),2026-06-25T13:37:45Z
2026-06-25,MISO,110202,80599,74096,145000,24.0,EIA-930 (demand) + EIA-860 (capacity),2026-06-25T13:37:45Z
2026-06-25,NYIS,27545,17815,16319,40000,31.1,EIA-930 (demand) + EIA-860 (capacity),2026-06-25T13:37:45Z
2026-06-25,PJM,145113,102110,90867,185000,21.6,EIA-930 (demand) + EIA-860 (capacity),2026-06-25T13:37:45Z
2026-06-25,SOCO,43525,29980,24837,52000,16.3,EIA-930 (demand) + EIA-860 (capacity),2026-06-25T13:37:45Z
2026-06-25,SWPP,49586,36975,32377,95000,47.8,EIA-930 (demand) + EIA-860 (capacity),2026-06-25T13:37:45Z
2026-06-26,CISO,38369,28289,23113,80000,52.0,EIA-930 (demand) + EIA-860 (capacity),2026-06-26T13:31:52Z
2026-06-26,DUK,21103,14138,11413,50000,57.8,EIA-930 (demand) + EIA-860 (capacity),2026-06-26T13:31:52Z
2026-06-26,ERCO,82591,65054,57287,110000,24.9,EIA-930 (demand) + EIA-860 (capacity),2026-06-26T13:31:52Z
2026-06-26,ISNE,22186,13531,13611,31000,28.4,EIA-930 (demand) + EIA-860 (capacity),2026-06-26T13:31:52Z
2026-06-26,MISO,110202,80739,74122,145000,24.0,EIA-930 (demand) + EIA-860 (capacity),2026-06-26T13:31:52Z
2026-06-26,NYIS,27545,17904,17093,40000,31.1,EIA-930 (demand) + EIA-860 (capacity),2026-06-26T13:31:52Z
2026-06-26,PJM,145113,102445,95823,185000,21.6,EIA-930 (demand) + EIA-860 (capacity),2026-06-26T13:31:52Z
2026-06-26,SOCO,43525,30103,25174,52000,16.3,EIA-930 (demand) + EIA-860 (capacity),2026-06-26T13:31:52Z
2026-06-26,SWPP,49586,37047,32322,95000,47.8,EIA-930 (demand) + EIA-860 (capacity),2026-06-26T13:31:52Z
2026-06-27,CISO,38369,28244,22364,80000,52.0,EIA-930 (demand) + EIA-860 (capacity),2026-06-27T12:53:13Z
2026-06-27,DUK,21103,14195,11109,50000,57.8,EIA-930 (demand) + EIA-860 (capacity),2026-06-27T12:53:13Z
2026-06-27,ERCO,82591,65489,55347,110000,24.9,EIA-930 (demand) + EIA-860 (capacity),2026-06-27T12:53:13Z
2026-06-27,ISNE,22186,13569,11659,31000,28.4,EIA-930 (demand) + EIA-860 (capacity),2026-06-27T12:53:13Z
2026-06-27,MISO,110202,80648,68769,145000,24.0,EIA-930 (demand) + EIA-860 (capacity),2026-06-27T12:53:13Z
2026-06-27,NYIS,27545,17938,15288,40000,31.1,EIA-930 (demand) + EIA-860 (capacity),2026-06-27T12:53:13Z
2026-06-27,PJM,145113,102454,88951,185000,21.6,EIA-930 (demand) + EIA-860 (capacity),2026-06-27T12:53:13Z
2026-06-27,SOCO,43525,30329,24955,52000,16.3,EIA-930 (demand) + EIA-860 (capacity),2026-06-27T12:53:13Z
2026-06-27,SWPP,49586,37168,31280,95000,47.8,EIA-930 (demand) + EIA-860 (capacity),2026-06-27T12:53:13Z
2026-06-28,CISO,38369,28163,20997,80000,52.0,EIA-930 (demand) + EIA-860 (capacity),2026-06-28T12:58:41Z
2026-06-28,DUK,21103,14231,9698,50000,57.8,EIA-930 (demand) + EIA-860 (capacity),2026-06-28T12:58:41Z
2026-06-28,ERCO,82591,65980,56452,110000,24.9,EIA-930 (demand) + EIA-860 (capacity),2026-06-28T12:58:41Z
2026-06-28,ISNE,22186,13552,11610,31000,28.4,EIA-930 (demand) + EIA-860 (capacity),2026-06-28T12:58:41Z
2026-06-28,MISO,110202,80591,69220,145000,24.0,EIA-930 (demand) + EIA-860 (capacity),2026-06-28T12:58:41Z
2026-06-28,NYIS,27545,17881,14532,40000,31.1,EIA-930 (demand) + EIA-860 (capacity),2026-06-28T12:58:41Z
2026-06-28,PJM,145113,102107,84720,185000,21.6,EIA-930 (demand) + EIA-860 (capacity),2026-06-28T12:58:41Z
2026-06-28,SOCO,43525,30558,24363,52000,16.3,EIA-930 (demand) + EIA-860 (capacity),2026-06-28T12:58:41Z
2026-06-28,SWPP,49586,37367,32883,95000,47.8,EIA-930 (demand) + EIA-860 (capacity),2026-06-28T12:58:41Z
2026-07-02,CISO,38369,28187,22731,80000,52.0,EIA-930 (demand) + EIA-860 (capacity),2026-07-02T13:19:16Z
2026-07-02,DUK,22069,14560,13392,50000,55.9,EIA-930 (demand) + EIA-860 (capacity),2026-07-02T13:19:16Z
2026-07-02,ERCO,82591,66941,57431,110000,24.9,EIA-930 (demand) + EIA-860 (capacity),2026-07-02T13:19:16Z
2026-07-02,ISNE,23690,14142,17731,31000,23.6,EIA-930 (demand) + EIA-860 (capacity),2026-07-02T13:19:16Z
2026-07-02,MISO,121514,82676,86394,145000,16.2,EIA-930 (demand) + EIA-860 (capacity),2026-07-02T13:19:16Z
2026-07-02,NYIS,29582,18612,22686,40000,26.0,EIA-930 (demand) + EIA-860 (capacity),2026-07-02T13:19:16Z
2026-07-02,PJM,161965,105125,120054,185000,12.5,EIA-930 (demand) + EIA-860 (capacity),2026-07-02T13:19:16Z
2026-07-02,SOCO,44521,31560,27603,52000,14.4,EIA-930 (demand) + EIA-860 (capacity),2026-07-02T13:19:16Z
2026-07-02,SWPP,52512,38188,35653,95000,44.7,EIA-930 (demand) + EIA-860 (capacity),2026-07-02T13:19:16Z
2026-07-03,CISO,38369,28011,22194,80000,52.0,EIA-930 (demand) + EIA-860 (capacity),2026-07-03T13:20:57Z
2026-07-03,DUK,22153,14627,12376,50000,55.7,EIA-930 (demand) + EIA-860 (capacity),2026-07-03T13:20:57Z
2026-07-03,ERCO,82591,66972,55283,110000,24.9,EIA-930 (demand) + EIA-860 (capacity),2026-07-03T13:20:57Z
2026-07-03,ISNE,25289,14352,18209,31000,18.4,EIA-930 (demand) + EIA-860 (capacity),2026-07-03T13:20:57Z
2026-07-03,MISO,121514,83042,79445,145000,16.2,EIA-930 (demand) + EIA-860 (capacity),2026-07-03T13:20:57Z
2026-07-03,NYIS,31097,18832,21909,40000,22.3,EIA-930 (demand) + EIA-860 (capacity),2026-07-03T13:20:57Z
2026-07-03,PJM,162648,106003,114054,185000,12.1,EIA-930 (demand) + EIA-860 (capacity),2026-07-03T13:20:57Z
2026-07-03,SOCO,44521,31619,26216,52000,14.4,EIA-930 (demand) + EIA-860 (capacity),2026-07-03T13:20:57Z
2026-07-03,SWPP,52512,38263,33991,95000,44.7,EIA-930 (demand) + EIA-860 (capacity),2026-07-03T13:20:57Z
2026-07-04,CISO,38369,27794,21512,80000,52.0,EIA-930 (demand) + EIA-860 (capacity),2026-07-04T12:45:57Z
2026-07-04,DUK,22153,14624,11765,50000,55.7,EIA-930 (demand) + EIA-860 (capacity),2026-07-04T12:45:57Z
2026-07-04,ERCO,82591,67043,54868,110000,24.9,EIA-930 (demand) + EIA-860 (capacity),2026-07-04T12:45:57Z
2026-07-04,ISNE,25289,14441,15090,31000,18.4,EIA-930 (demand) + EIA-860 (capacity),2026-07-04T12:45:57Z
2026-07-04,MISO,121514,83343,74112,145000,16.2,EIA-930 (demand) + EIA-860 (capacity),2026-07-04T12:45:57Z
2026-07-04,NYIS,31097,18933,19604,40000,22.3,EIA-930 (demand) + EIA-860 (capacity),2026-07-04T12:45:57Z
2026-07-04,PJM,162648,106517,101521,185000,12.1,EIA-930 (demand) + EIA-860 (capacity),2026-07-04T12:45:57Z
2026-07-04,SOCO,44521,31537,24519,52000,14.4,EIA-930 (demand) + EIA-860 (capacity),2026-07-04T12:45:57Z
2026-07-04,SWPP,52512,38423,37718,95000,44.7,EIA-930 (demand) + EIA-860 (capacity),2026-07-04T12:45:57Z
2026-07-05,CISO,36020,27615,22071,80000,55.0,EIA-930 (demand) + EIA-860 (capacity),2026-07-05T12:49:39Z
2026-07-05,DUK,22153,14639,11398,50000,55.7,EIA-930 (demand) + EIA-860 (capacity),2026-07-05T12:49:39Z
2026-07-05,ERCO,82591,67197,53247,110000,24.9,EIA-930 (demand) + EIA-860 (capacity),2026-07-05T12:49:39Z
2026-07-05,ISNE,25289,14514,12855,31000,18.4,EIA-930 (demand) + EIA-860 (capacity),2026-07-05T12:49:39Z
2026-07-05,MISO,121514,83525,68253,145000,16.2,EIA-930 (demand) + EIA-860 (capacity),2026-07-05T12:49:39Z
2026-07-05,NYIS,31097,19064,17631,40000,22.3,EIA-930 (demand) + EIA-860 (capacity),2026-07-05T12:49:39Z
2026-07-05,PJM,162648,107016,93114,185000,12.1,EIA-930 (demand) + EIA-860 (capacity),2026-07-05T12:49:39Z
2026-07-05,SOCO,44521,31519,23886,52000,14.4,EIA-930 (demand) + EIA-860 (capacity),2026-07-05T12:49:39Z
2026-07-05,SWPP,52512,38394,29465,95000,44.7,EIA-930 (demand) + EIA-860 (capacity),2026-07-05T12:49:39Z
2026-07-06,CISO,36020,27542,24231,80000,55.0,EIA-930 (demand) + EIA-860 (capacity),2026-07-06T14:43:11Z
2026-07-06,DUK,22153,14637,14460,50000,55.7,EIA-930 (demand) + EIA-860 (capacity),2026-07-06T14:43:11Z
2026-07-06,ERCO,82591,67315,60441,110000,24.9,EIA-930 (demand) + EIA-860 (capacity),2026-07-06T14:43:11Z
2026-07-06,ISNE,25289,14520,14300,31000,18.4,EIA-930 (demand) + EIA-860 (capacity),2026-07-06T14:43:11Z
2026-07-06,MISO,121514,83857,84513,145000,16.2,EIA-930 (demand) + EIA-860 (capacity),2026-07-06T14:43:11Z
2026-07-06,NYIS,31097,19105,19313,40000,22.3,EIA-930 (demand) + EIA-860 (capacity),2026-07-06T14:43:11Z
2026-07-06,PJM,162648,107466,113078,185000,12.1,EIA-930 (demand) + EIA-860 (capacity),2026-07-06T14:43:11Z
2026-07-06,SOCO,44521,31469,28068,52000,14.4,EIA-930 (demand) + EIA-860 (capacity),2026-07-06T14:43:11Z
2026-07-06,SWPP,52512,38591,35144,95000,44.7,EIA-930 (demand) + EIA-860 (capacity),2026-07-06T14:43:11Z
2026-07-07,CISO,36020,27556,23467,80000,55.0,EIA-930 (demand) + EIA-860 (capacity),2026-07-07T13:37:13Z
2026-07-07,DUK,22153,14713,12980,50000,55.7,EIA-930 (demand) + EIA-860 (capacity),2026-07-07T13:37:13Z
2026-07-07,ERCO,83194,67752,56910,110000,24.4,EIA-930 (demand) + EIA-860 (capacity),2026-07-07T13:37:13Z
2026-07-07,ISNE,25289,14474,13198,31000,18.4,EIA-930 (demand) + EIA-860 (capacity),2026-07-07T13:37:13Z
2026-07-07,MISO,121514,84629,79841,145000,16.2,EIA-930 (demand) + EIA-860 (capacity),2026-07-07T13:37:13Z
2026-07-07,NYIS,31097,19130,17125,40000,22.3,EIA-930 (demand) + EIA-860 (capacity),2026-07-07T13:37:13Z
2026-07-07,PJM,162648,108183,102963,185000,12.1,EIA-930 (demand) + EIA-860 (capacity),2026-07-07T13:37:13Z
2026-07-07,SOCO,44521,31566,27206,52000,14.4,EIA-930 (demand) + EIA-860 (capacity),2026-07-07T13:37:13Z
2026-07-07,SWPP,52512,38975,34309,95000,44.7,EIA-930 (demand) + EIA-860 (capacity),2026-07-07T13:37:13Z
2026-07-08,CISO,35051,27526,24119,80000,56.2,EIA-930 (demand) + EIA-860 (capacity),2026-07-08T13:08:54Z
2026-07-08,DUK,22153,14863,13101,50000,55.7,EIA-930 (demand) + EIA-860 (capacity),2026-07-08T13:08:54Z
2026-07-08,ERCO,83194,68133,56705,110000,24.4,EIA-930 (demand) + EIA-860 (capacity),2026-07-08T13:08:54Z
2026-07-08,ISNE,25289,14510,12031,31000,18.4,EIA-930 (demand) + EIA-860 (capacity),2026-07-08T13:08:54Z
2026-07-08,MISO,121514,85386,80664,145000,16.2,EIA-930 (demand) + EIA-860 (capacity),2026-07-08T13:08:54Z
2026-07-08,NYIS,31097,19220,16562,40000,22.3,EIA-930 (demand) + EIA-860 (capacity),2026-07-08T13:08:54Z
2026-07-08,PJM,162648,109091,101763,185000,12.1,EIA-930 (demand) + EIA-860 (capacity),2026-07-08T13:08:54Z
2026-07-08,SOCO,45328,31957,27606,52000,12.8,EIA-930 (demand) + EIA-860 (capacity),2026-07-08T13:08:54Z
2026-07-08,SWPP,52512,39264,35200,95000,44.7,EIA-930 (demand) + EIA-860 (capacity),2026-07-08T13:08:54Z
2026-07-09,CISO,35875,27523,24396,80000,55.2,EIA-930 (demand) + EIA-860 (capacity),2026-07-09T14:06:57Z
2026-07-09,DUK,22153,15004,14109,50000,55.7,EIA-930 (demand) + EIA-860 (capacity),2026-07-09T14:06:57Z
2026-07-09,ERCO,83194,68408,59048,110000,24.4,EIA-930 (demand) + EIA-860 (capacity),2026-07-09T14:06:57Z
2026-07-09,ISNE,25289,14586,13981,31000,18.4,EIA-930 (demand) + EIA-860 (capacity),2026-07-09T14:06:57Z
2026-07-09,MISO,121514,86171,86641,145000,16.2,EIA-930 (demand) + EIA-860 (capacity),2026-07-09T14:06:57Z
2026-07-09,NYIS,31097,19359,19157,40000,22.3,EIA-930 (demand) + EIA-860 (capacity),2026-07-09T14:06:57Z
2026-07-09,PJM,162648,110042,111671,185000,12.1,EIA-930 (demand) + EIA-860 (capacity),2026-07-09T14:06:57Z
2026-07-09,SOCO,45328,32265,30095,52000,12.8,EIA-930 (demand) + EIA-860 (capacity),2026-07-09T14:06:57Z
2026-07-09,SWPP,53701,39457,37675,95000,43.5,EIA-930 (demand) + EIA-860 (capacity),2026-07-09T14:06:57Z
2026-07-10,CISO,36673,27623,24212,80000,54.2,EIA-930 (demand) + EIA-860 (capacity),2026-07-10T13:28:51Z
2026-07-10,DUK,22153,15050,12846,50000,55.7,EIA-930 (demand) + EIA-860 (capacity),2026-07-10T13:28:51Z
2026-07-10,ERCO,83194,68513,57286,110000,24.4,EIA-930 (demand) + EIA-860 (capacity),2026-07-10T13:28:51Z
2026-07-10,ISNE,25289,14749,15951,31000,18.4,EIA-930 (demand) + EIA-860 (capacity),2026-07-10T13:28:51Z
2026-07-10,MISO,121514,86973,81981,145000,16.2,EIA-930 (demand) + EIA-860 (capacity),2026-07-10T13:28:51Z
2026-07-10,NYIS,31097,19495,19683,40000,22.3,EIA-930 (demand) + EIA-860 (capacity),2026-07-10T13:28:51Z
2026-07-10,PJM,162648,110689,106641,185000,12.1,EIA-930 (demand) + EIA-860 (capacity),2026-07-10T13:28:51Z
2026-07-10,SOCO,45328,32353,27213,52000,12.8,EIA-930 (demand) + EIA-860 (capacity),2026-07-10T13:28:51Z
2026-07-10,SWPP,53701,39704,36009,95000,43.5,EIA-930 (demand) + EIA-860 (capacity),2026-07-10T13:28:51Z
2026-07-11,CISO,36673,27778,23821,80000,54.2,EIA-930 (demand) + EIA-860 (capacity),2026-07-11T12:31:18Z
2026-07-11,DUK,22153,15089,10810,50000,55.7,EIA-930 (demand) + EIA-860 (capacity),2026-07-11T12:31:18Z
2026-07-11,ERCO,83194,68608,55627,110000,24.4,EIA-930 (demand) + EIA-860 (capacity),2026-07-11T12:31:18Z
2026-07-11,ISNE,25289,14913,13058,31000,18.4,EIA-930 (demand) + EIA-860 (capacity),2026-07-11T12:31:18Z
2026-07-11,MISO,121514,87549,74005,145000,16.2,EIA-930 (demand) + EIA-860 (capacity),2026-07-11T12:31:18Z
2026-07-11,NYIS,31097,19659,16807,40000,22.3,EIA-930 (demand) + EIA-860 (capacity),2026-07-11T12:31:18Z
2026-07-11,PJM,162648,111381,92610,185000,12.1,EIA-930 (demand) + EIA-860 (capacity),2026-07-11T12:31:18Z
2026-07-11,SOCO,45328,32543,24973,52000,12.8,EIA-930 (demand) + EIA-860 (capacity),2026-07-11T12:31:18Z
2026-07-11,SWPP,53701,40061,33522,95000,43.5,EIA-930 (demand) + EIA-860 (capacity),2026-07-11T12:31:18Z
2026-07-12,CISO,36673,27946,23629,80000,54.2,EIA-930 (demand) + EIA-860 (capacity),2026-07-12T12:29:25Z
2026-07-12,DUK,22153,15156,10570,50000,55.7,EIA-930 (demand) + EIA-860 (capacity),2026-07-12T12:29:25Z
2026-07-12,ERCO,83194,68816,54142,110000,24.4,EIA-930 (demand) + EIA-860 (capacity),2026-07-12T12:29:25Z
2026-07-12,ISNE,25289,15016,11718,31000,18.4,EIA-930 (demand) + EIA-860 (capacity),2026-07-12T12:29:25Z
2026-07-12,MISO,121514,88151,71670,145000,16.2,EIA-930 (demand) + EIA-860 (capacity),2026-07-12T12:29:25Z
2026-07-12,NYIS,31097,19776,14845,40000,22.3,EIA-930 (demand) + EIA-860 (capacity),2026-07-12T12:29:25Z
2026-07-12,PJM,162648,112091,88085,185000,12.1,EIA-930 (demand) + EIA-860 (capacity),2026-07-12T12:29:25Z
2026-07-12,SOCO,45328,32652,24102,52000,12.8,EIA-930 (demand) + EIA-860 (capacity),2026-07-12T12:29:25Z
2026-07-12,SWPP,53701,40347,32567,95000,43.5,EIA-930 (demand) + EIA-860 (capacity),2026-07-12T12:29:25Z
2026-07-13,CISO,36673,28155,25032,80000,54.2,EIA-930 (demand) + EIA-860 (capacity),2026-07-13T13:35:45Z
2026-07-13,DUK,22153,15193,12469,50000,55.7,EIA-930 (demand) + EIA-860 (capacity),2026-07-13T13:35:45Z
2026-07-13,ERCO,83194,68962,56748,110000,24.4,EIA-930 (demand) + EIA-860 (capacity),2026-07-13T13:35:45Z
2026-07-13,ISNE,25289,15111,13289,31000,18.4,EIA-930 (demand) + EIA-860 (capacity),2026-07-13T13:35:45Z
2026-07-13,MISO,121514,88883,80074,145000,16.2,EIA-930 (demand) + EIA-860 (capacity),2026-07-13T13:35:45Z
2026-07-13,NYIS,31097,19879,17865,40000,22.3,EIA-930 (demand) + EIA-860 (capacity),2026-07-13T13:35:45Z
2026-07-13,PJM,162648,112738,98708,185000,12.1,EIA-930 (demand) + EIA-860 (capacity),2026-07-13T13:35:45Z
2026-07-13,SOCO,45328,32842,26840,52000,12.8,EIA-930 (demand) + EIA-860 (capacity),2026-07-13T13:35:45Z
2026-07-13,SWPP,53701,40514,34509,95000,43.5,EIA-930 (demand) + EIA-860 (capacity),2026-07-13T13:35:45Z
2026-07-14,CISO,38003,28422,25523,80000,52.5,EIA-930 (demand) + EIA-860 (capacity),2026-07-14T12:49:24Z
2026-07-14,DUK,22153,15099,12118,50000,55.7,EIA-930 (demand) + EIA-860 (capacity),2026-07-14T12:49:24Z
2026-07-14,ERCO,83194,68699,53555,110000,24.4,EIA-930 (demand) + EIA-860 (capacity),2026-07-14T12:49:24Z
2026-07-14,ISNE,25289,15236,14560,31000,18.4,EIA-930 (demand) + EIA-860 (capacity),2026-07-14T12:49:24Z
2026-07-14,MISO,121514,89762,84130,145000,16.2,EIA-930 (demand) + EIA-860 (capacity),2026-07-14T12:49:24Z
2026-07-14,NYIS,31097,20009,18871,40000,22.3,EIA-930 (demand) + EIA-860 (capacity),2026-07-14T12:49:24Z
2026-07-14,PJM,162648,113463,103338,185000,12.1,EIA-930 (demand) + EIA-860 (capacity),2026-07-14T12:49:24Z
2026-07-14,SOCO,45328,32847,25968,52000,12.8,EIA-930 (demand) + EIA-860 (capacity),2026-07-14T12:49:24Z
2026-07-14,SWPP,53701,40882,34275,95000,43.5,EIA-930 (demand) + EIA-860 (capacity),2026-07-14T12:49:24Z
2026-07-15,CISO,42464,28721,27647,80000,46.9,EIA-930 (demand) + EIA-860 (capacity),2026-07-15T12:53:37Z
2026-07-15,DUK,22153,15063,11138,50000,55.7,EIA-930 (demand) + EIA-860 (capacity),2026-07-15T12:53:37Z
2026-07-15,ERCO,83194,68316,52860,110000,24.4,EIA-930 (demand) + EIA-860 (capacity),2026-07-15T12:53:37Z
2026-07-15,ISNE,25289,15469,17225,31000,18.4,EIA-930 (demand) + EIA-860 (capacity),2026-07-15T12:53:37Z
2026-07-15,MISO,121514,90698,82335,145000,16.2,EIA-930 (demand) + EIA-860 (capacity),2026-07-15T12:53:37Z
2026-07-15,NYIS,31097,20312,21269,40000,22.3,EIA-930 (demand) + EIA-860 (capacity),2026-07-15T12:53:37Z
2026-07-15,PJM,162648,114738,106005,185000,12.1,EIA-930 (demand) + EIA-860 (capacity),2026-07-15T12:53:37Z
2026-07-15,SOCO,45328,32876,25594,52000,12.8,EIA-930 (demand) + EIA-860 (capacity),2026-07-15T12:53:37Z
2026-07-15,SWPP,53701,41255,35173,95000,43.5,EIA-930 (demand) + EIA-860 (capacity),2026-07-15T12:53:37Z
2026-07-16,CISO,43430,29059,26400,80000,45.7,EIA-930 (demand) + EIA-860 (capacity),2026-07-16T13:02:51Z
2026-07-16,DUK,22153,15190,12839,50000,55.7,EIA-930 (demand) + EIA-860 (capacity),2026-07-16T13:02:51Z
2026-07-16,ERCO,83194,67868,54499,110000,24.4,EIA-930 (demand) + EIA-860 (capacity),2026-07-16T13:02:51Z
2026-07-16,ISNE,25289,15677,13980,31000,18.4,EIA-930 (demand) + EIA-860 (capacity),2026-07-16T13:02:51Z
2026-07-16,MISO,121514,91585,86972,145000,16.2,EIA-930 (demand) + EIA-860 (capacity),2026-07-16T13:02:51Z
2026-07-16,NYIS,31097,20630,20077,40000,22.3,EIA-930 (demand) + EIA-860 (capacity),2026-07-16T13:02:51Z
2026-07-16,PJM,162648,116469,114441,185000,12.1,EIA-930 (demand) + EIA-860 (capacity),2026-07-16T13:02:51Z
2026-07-16,SOCO,45328,33013,27918,52000,12.8,EIA-930 (demand) + EIA-860 (capacity),2026-07-16T13:02:51Z
2026-07-16,SWPP,53701,41547,34832,95000,43.5,EIA-930 (demand) + EIA-860 (capacity),2026-07-16T13:02:51Z
2026-07-17,CISO,43430,29265,25316,80000,45.7,EIA-930 (demand) + EIA-860 (capacity),2026-07-17T12:44:21Z
2026-07-17,DUK,22153,15364,13243,50000,55.7,EIA-930 (demand) + EIA-860 (capacity),2026-07-17T12:44:21Z
2026-07-17,ERCO,83194,67661,53859,110000,24.4,EIA-930 (demand) + EIA-860 (capacity),2026-07-17T12:44:21Z
2026-07-17,ISNE,25289,15759,12900,31000,18.4,EIA-930 (demand) + EIA-860 (capacity),2026-07-17T12:44:21Z
2026-07-17,MISO,121514,92328,86350,145000,16.2,EIA-930 (demand) + EIA-860 (capacity),2026-07-17T12:44:21Z
2026-07-17,NYIS,31097,20768,18109,40000,22.3,EIA-930 (demand) + EIA-860 (capacity),2026-07-17T12:44:21Z
2026-07-17,PJM,162648,117780,105975,185000,12.1,EIA-930 (demand) + EIA-860 (capacity),2026-07-17T12:44:21Z
2026-07-17,SOCO,45328,33174,28812,52000,12.8,EIA-930 (demand) + EIA-860 (capacity),2026-07-17T12:44:21Z
2026-07-17,SWPP,53701,41770,38401,95000,43.5,EIA-930 (demand) + EIA-860 (capacity),2026-07-17T12:44:21Z
2026-07-18,CISO,43430,29457,25423,80000,45.7,EIA-930 (demand) + EIA-860 (capacity),2026-07-18T12:29:10Z
2026-07-18,DUK,22153,15524,12126,50000,55.7,EIA-930 (demand) + EIA-860 (capacity),2026-07-18T12:29:10Z
2026-07-18,ERCO,83194,67607,54531,110000,24.4,EIA-930 (demand) + EIA-860 (capacity),2026-07-18T12:29:10Z
2026-07-18,ISNE,25289,15736,11610,31000,18.4,EIA-930 (demand) + EIA-860 (capacity),2026-07-18T12:29:10Z
2026-07-18,MISO,121514,93169,79602,145000,16.2,EIA-930 (demand) + EIA-860 (capacity),2026-07-18T12:29:10Z
2026-07-18,NYIS,31097,20850,16661,40000,22.3,EIA-930 (demand) + EIA-860 (capacity),2026-07-18T12:29:10Z
2026-07-18,PJM,162648,118554,98134,185000,12.1,EIA-930 (demand) + EIA-860 (capacity),2026-07-18T12:29:10Z
2026-07-18,SOCO,45328,33268,24381,52000,12.8,EIA-930 (demand) + EIA-860 (capacity),2026-07-18T12:29:10Z
2026-07-18,SWPP,53701,42040,35052,95000,43.5,EIA-930 (demand) + EIA-860 (capacity),2026-07-18T12:29:10Z
2026-07-19,CISO,43430,29670,24629,80000,45.7,EIA-930 (demand) + EIA-860 (capacity),2026-07-19T12:28:12Z
2026-07-19,DUK,22153,15604,11370,50000,55.7,EIA-930 (demand) + EIA-860 (capacity),2026-07-19T12:28:12Z
2026-07-19,ERCO,83194,67544,54347,110000,24.4,EIA-930 (demand) + EIA-860 (capacity),2026-07-19T12:28:12Z
2026-07-19,ISNE,25289,15760,11929,31000,18.4,EIA-930 (demand) + EIA-860 (capacity),2026-07-19T12:28:12Z
2026-07-19,MISO,121514,93843,73625,145000,16.2,EIA-930 (demand) + EIA-860 (capacity),2026-07-19T12:28:12Z
2026-07-19,NYIS,31097,20908,15538,40000,22.3,EIA-930 (demand) + EIA-860 (capacity),2026-07-19T12:28:12Z
2026-07-19,PJM,162648,119233,90315,185000,12.1,EIA-930 (demand) + EIA-860 (capacity),2026-07-19T12:28:12Z
2026-07-19,SOCO,45328,33389,24148,52000,12.8,EIA-930 (demand) + EIA-860 (capacity),2026-07-19T12:28:12Z
2026-07-19,SWPP,53701,42275,34935,95000,43.5,EIA-930 (demand) + EIA-860 (capacity),2026-07-19T12:28:12Z
2026-07-20,CISO,43430,29995,30378,80000,45.7,EIA-930 (demand) + EIA-860 (capacity),2026-07-20T21:56:50Z
2026-07-20,DUK,22153,15769,20997,50000,55.7,EIA-930 (demand) + EIA-860 (capacity),2026-07-20T21:56:50Z
2026-07-20,ERCO,85953,67575,85953,110000,21.9,EIA-930 (demand) + EIA-860 (capacity),2026-07-20T21:56:50Z
2026-07-20,ISNE,25289,15651,14600,31000,18.4,EIA-930 (demand) + EIA-860 (capacity),2026-07-20T21:56:50Z
2026-07-20,MISO,121514,94288,118640,145000,16.2,EIA-930 (demand) + EIA-860 (capacity),2026-07-20T21:56:50Z
2026-07-20,NYIS,31097,20817,19122,40000,22.3,EIA-930 (demand) + EIA-860 (capacity),2026-07-20T21:56:50Z
2026-07-20,PJM,162648,119422,128500,185000,12.1,EIA-930 (demand) + EIA-860 (capacity),2026-07-20T21:56:50Z
2026-07-20,SOCO,45328,33370,44247,52000,12.8,EIA-930 (demand) + EIA-860 (capacity),2026-07-20T21:56:50Z
2026-07-20,SWPP,61549,42496,61549,95000,35.2,EIA-930 (demand) + EIA-860 (capacity),2026-07-20T21:56:50Z
2026-07-21,CISO,43430,30378,38520,80000,45.7,EIA-930 (demand) + EIA-860 (capacity),2026-07-21T22:01:41Z
2026-07-21,DUK,22153,15843,21312,50000,55.7,EIA-930 (demand) + EIA-860 (capacity),2026-07-21T22:01:41Z
2026-07-21,ERCO,86148,67593,86148,110000,21.7,EIA-930 (demand) + EIA-860 (capacity),2026-07-21T22:01:41Z
2026-07-21,ISNE,25289,15642,16272,31000,18.4,EIA-930 (demand) + EIA-860 (capacity),2026-07-21T22:01:41Z
2026-07-21,MISO,121514,94387,113782,145000,16.2,EIA-930 (demand) + EIA-860 (capacity),2026-07-21T22:01:41Z
2026-07-21,NYIS,31097,20815,22197,40000,22.3,EIA-930 (demand) + EIA-860 (capacity),2026-07-21T22:01:41Z
2026-07-21,PJM,162648,119578,134552,185000,12.1,EIA-930 (demand) + EIA-860 (capacity),2026-07-21T22:01:41Z
2026-07-21,SOCO,45328,33333,42104,52000,12.8,EIA-930 (demand) + EIA-860 (capacity),2026-07-21T22:01:41Z
2026-07-21,SWPP,55062,42494,55062,95000,42.0,EIA-930 (demand) + EIA-860 (capacity),2026-07-21T22:01:41Z
2026-07-22,CISO,43430,30666,28206,80000,45.7,EIA-930 (demand) + EIA-860 (capacity),2026-07-22T15:02:19Z
2026-07-22,DUK,22153,15845,15863,50000,55.7,EIA-930 (demand) + EIA-860 (capacity),2026-07-22T15:02:19Z
2026-07-22,ERCO,87397,67583,64301,110000,20.5,EIA-930 (demand) + EIA-860 (capacity),2026-07-22T15:02:19Z
2026-07-22,ISNE,25289,15617,15052,31000,18.4,EIA-930 (demand) + EIA-860 (capacity),2026-07-22T15:02:19Z
2026-07-22,MISO,120328,93810,79818,145000,17.0,EIA-930 (demand) + EIA-860 (capacity),2026-07-22T15:02:19Z
2026-07-22,NYIS,31097,20731,19204,40000,22.3,EIA-930 (demand) + EIA-860 (capacity),2026-07-22T15:02:19Z
2026-07-22,PJM,162648,118980,105194,185000,12.1,EIA-930 (demand) + EIA-860 (capacity),2026-07-22T15:02:19Z
2026-07-22,SOCO,45328,33119,31757,52000,12.8,EIA-930 (demand) + EIA-860 (capacity),2026-07-22T15:02:19Z
2026-07-22,SWPP,55297,42473,40070,95000,41.8,EIA-930 (demand) + EIA-860 (capacity),2026-07-22T15:02:19Z
