date,iso,active_gw,credible_gw,withdrawal_rate,source,fetched_at
2026-06-19,CAISO,150,33,0.78,LBNL Queued Up (LBNL Queued Up 2025),2026-06-19T18:19:14Z
2026-06-19,ERCOT,210,46,0.78,LBNL Queued Up (LBNL Queued Up 2025),2026-06-19T18:19:14Z
2026-06-19,ISO-NE,50,11,0.78,LBNL Queued Up (LBNL Queued Up 2025),2026-06-19T18:19:14Z
2026-06-19,MISO,340,75,0.78,LBNL Queued Up (LBNL Queued Up 2025),2026-06-19T18:19:14Z
2026-06-19,NYISO,40,9,0.78,LBNL Queued Up (LBNL Queued Up 2025),2026-06-19T18:19:14Z
2026-06-19,Northwest,70,15,0.78,LBNL Queued Up (LBNL Queued Up 2025),2026-06-19T18:19:14Z
2026-06-19,PJM,290,64,0.78,LBNL Queued Up (LBNL Queued Up 2025),2026-06-19T18:19:14Z
2026-06-19,SPP,140,31,0.78,LBNL Queued Up (LBNL Queued Up 2025),2026-06-19T18:19:14Z
2026-06-19,Southeast,120,26,0.78,LBNL Queued Up (LBNL Queued Up 2025),2026-06-19T18:19:14Z
2026-06-19,West,95,21,0.78,LBNL Queued Up (LBNL Queued Up 2025),2026-06-19T18:19:14Z
2026-06-20,CAISO,150,33,0.78,LBNL Queued Up (LBNL Queued Up 2025),2026-06-20T17:07:22Z
2026-06-20,ERCOT,210,46,0.78,LBNL Queued Up (LBNL Queued Up 2025),2026-06-20T17:07:22Z
2026-06-20,ISO-NE,50,11,0.78,LBNL Queued Up (LBNL Queued Up 2025),2026-06-20T17:07:22Z
2026-06-20,MISO,340,75,0.78,LBNL Queued Up (LBNL Queued Up 2025),2026-06-20T17:07:22Z
2026-06-20,NYISO,40,9,0.78,LBNL Queued Up (LBNL Queued Up 2025),2026-06-20T17:07:22Z
2026-06-20,Northwest,70,15,0.78,LBNL Queued Up (LBNL Queued Up 2025),2026-06-20T17:07:22Z
2026-06-20,PJM,290,64,0.78,LBNL Queued Up (LBNL Queued Up 2025),2026-06-20T17:07:22Z
2026-06-20,SPP,140,31,0.78,LBNL Queued Up (LBNL Queued Up 2025),2026-06-20T17:07:22Z
2026-06-20,Southeast,120,26,0.78,LBNL Queued Up (LBNL Queued Up 2025),2026-06-20T17:07:22Z
2026-06-20,West,95,21,0.78,LBNL Queued Up (LBNL Queued Up 2025),2026-06-20T17:07:22Z
2026-06-21,CAISO,150,33,0.78,LBNL Queued Up (LBNL Queued Up 2025),2026-06-21T17:10:37Z
2026-06-21,ERCOT,210,46,0.78,LBNL Queued Up (LBNL Queued Up 2025),2026-06-21T17:10:37Z
2026-06-21,ISO-NE,50,11,0.78,LBNL Queued Up (LBNL Queued Up 2025),2026-06-21T17:10:37Z
2026-06-21,MISO,340,75,0.78,LBNL Queued Up (LBNL Queued Up 2025),2026-06-21T17:10:37Z
2026-06-21,NYISO,40,9,0.78,LBNL Queued Up (LBNL Queued Up 2025),2026-06-21T17:10:37Z
2026-06-21,Northwest,70,15,0.78,LBNL Queued Up (LBNL Queued Up 2025),2026-06-21T17:10:37Z
2026-06-21,PJM,290,64,0.78,LBNL Queued Up (LBNL Queued Up 2025),2026-06-21T17:10:37Z
2026-06-21,SPP,140,31,0.78,LBNL Queued Up (LBNL Queued Up 2025),2026-06-21T17:10:37Z
2026-06-21,Southeast,120,26,0.78,LBNL Queued Up (LBNL Queued Up 2025),2026-06-21T17:10:37Z
2026-06-21,West,95,21,0.78,LBNL Queued Up (LBNL Queued Up 2025),2026-06-21T17:10:37Z
2026-06-22,CAISO,150,33,0.78,LBNL Queued Up (LBNL Queued Up 2025),2026-06-22T21:27:29Z
2026-06-22,ERCOT,210,46,0.78,LBNL Queued Up (LBNL Queued Up 2025),2026-06-22T21:27:29Z
2026-06-22,ISO-NE,50,11,0.78,LBNL Queued Up (LBNL Queued Up 2025),2026-06-22T21:27:29Z
2026-06-22,MISO,340,75,0.78,LBNL Queued Up (LBNL Queued Up 2025),2026-06-22T21:27:29Z
2026-06-22,NYISO,40,9,0.78,LBNL Queued Up (LBNL Queued Up 2025),2026-06-22T21:27:29Z
2026-06-22,Northwest,70,15,0.78,LBNL Queued Up (LBNL Queued Up 2025),2026-06-22T21:27:29Z
2026-06-22,PJM,290,64,0.78,LBNL Queued Up (LBNL Queued Up 2025),2026-06-22T21:27:29Z
2026-06-22,SPP,140,31,0.78,LBNL Queued Up (LBNL Queued Up 2025),2026-06-22T21:27:29Z
2026-06-22,Southeast,120,26,0.78,LBNL Queued Up (LBNL Queued Up 2025),2026-06-22T21:27:29Z
2026-06-22,West,95,21,0.78,LBNL Queued Up (LBNL Queued Up 2025),2026-06-22T21:27:29Z
2026-06-23,CAISO,150,33,0.78,LBNL Queued Up (LBNL Queued Up 2025),2026-06-23T18:27:38Z
2026-06-23,ERCOT,210,46,0.78,LBNL Queued Up (LBNL Queued Up 2025),2026-06-23T18:27:38Z
2026-06-23,ISO-NE,50,11,0.78,LBNL Queued Up (LBNL Queued Up 2025),2026-06-23T18:27:38Z
2026-06-23,MISO,340,75,0.78,LBNL Queued Up (LBNL Queued Up 2025),2026-06-23T18:27:38Z
2026-06-23,NYISO,40,9,0.78,LBNL Queued Up (LBNL Queued Up 2025),2026-06-23T18:27:38Z
2026-06-23,Northwest,70,15,0.78,LBNL Queued Up (LBNL Queued Up 2025),2026-06-23T18:27:38Z
2026-06-23,PJM,290,64,0.78,LBNL Queued Up (LBNL Queued Up 2025),2026-06-23T18:27:38Z
2026-06-23,SPP,140,31,0.78,LBNL Queued Up (LBNL Queued Up 2025),2026-06-23T18:27:38Z
2026-06-23,Southeast,120,26,0.78,LBNL Queued Up (LBNL Queued Up 2025),2026-06-23T18:27:38Z
2026-06-23,West,95,21,0.78,LBNL Queued Up (LBNL Queued Up 2025),2026-06-23T18:27:38Z
2026-06-24,CAISO,150,33,0.78,LBNL Queued Up (LBNL Queued Up 2025),2026-06-24T18:19:44Z
2026-06-24,ERCOT,210,46,0.78,LBNL Queued Up (LBNL Queued Up 2025),2026-06-24T18:19:44Z
2026-06-24,ISO-NE,50,11,0.78,LBNL Queued Up (LBNL Queued Up 2025),2026-06-24T18:19:44Z
2026-06-24,MISO,340,75,0.78,LBNL Queued Up (LBNL Queued Up 2025),2026-06-24T18:19:44Z
2026-06-24,NYISO,40,9,0.78,LBNL Queued Up (LBNL Queued Up 2025),2026-06-24T18:19:44Z
2026-06-24,Northwest,70,15,0.78,LBNL Queued Up (LBNL Queued Up 2025),2026-06-24T18:19:44Z
2026-06-24,PJM,290,64,0.78,LBNL Queued Up (LBNL Queued Up 2025),2026-06-24T18:19:44Z
2026-06-24,SPP,140,31,0.78,LBNL Queued Up (LBNL Queued Up 2025),2026-06-24T18:19:44Z
2026-06-24,Southeast,120,26,0.78,LBNL Queued Up (LBNL Queued Up 2025),2026-06-24T18:19:44Z
2026-06-24,West,95,21,0.78,LBNL Queued Up (LBNL Queued Up 2025),2026-06-24T18:19:44Z
2026-06-25,CAISO,150,33,0.78,LBNL Queued Up (LBNL Queued Up 2025),2026-06-25T13:37:58Z
2026-06-25,ERCOT,210,46,0.78,LBNL Queued Up (LBNL Queued Up 2025),2026-06-25T13:37:58Z
2026-06-25,ISO-NE,50,11,0.78,LBNL Queued Up (LBNL Queued Up 2025),2026-06-25T13:37:58Z
2026-06-25,MISO,340,75,0.78,LBNL Queued Up (LBNL Queued Up 2025),2026-06-25T13:37:58Z
2026-06-25,NYISO,40,9,0.78,LBNL Queued Up (LBNL Queued Up 2025),2026-06-25T13:37:58Z
2026-06-25,Northwest,70,15,0.78,LBNL Queued Up (LBNL Queued Up 2025),2026-06-25T13:37:58Z
2026-06-25,PJM,290,64,0.78,LBNL Queued Up (LBNL Queued Up 2025),2026-06-25T13:37:58Z
2026-06-25,SPP,140,31,0.78,LBNL Queued Up (LBNL Queued Up 2025),2026-06-25T13:37:58Z
2026-06-25,Southeast,120,26,0.78,LBNL Queued Up (LBNL Queued Up 2025),2026-06-25T13:37:58Z
2026-06-25,West,95,21,0.78,LBNL Queued Up (LBNL Queued Up 2025),2026-06-25T13:37:58Z
2026-06-26,CAISO,150,33,0.78,LBNL Queued Up (LBNL Queued Up 2025),2026-06-26T13:32:04Z
2026-06-26,ERCOT,210,46,0.78,LBNL Queued Up (LBNL Queued Up 2025),2026-06-26T13:32:04Z
2026-06-26,ISO-NE,50,11,0.78,LBNL Queued Up (LBNL Queued Up 2025),2026-06-26T13:32:04Z
2026-06-26,MISO,340,75,0.78,LBNL Queued Up (LBNL Queued Up 2025),2026-06-26T13:32:04Z
2026-06-26,NYISO,40,9,0.78,LBNL Queued Up (LBNL Queued Up 2025),2026-06-26T13:32:04Z
2026-06-26,Northwest,70,15,0.78,LBNL Queued Up (LBNL Queued Up 2025),2026-06-26T13:32:04Z
2026-06-26,PJM,290,64,0.78,LBNL Queued Up (LBNL Queued Up 2025),2026-06-26T13:32:04Z
2026-06-26,SPP,140,31,0.78,LBNL Queued Up (LBNL Queued Up 2025),2026-06-26T13:32:04Z
2026-06-26,Southeast,120,26,0.78,LBNL Queued Up (LBNL Queued Up 2025),2026-06-26T13:32:04Z
2026-06-26,West,95,21,0.78,LBNL Queued Up (LBNL Queued Up 2025),2026-06-26T13:32:04Z
2026-06-27,CAISO,150,33,0.78,LBNL Queued Up (LBNL Queued Up 2025),2026-06-27T12:53:25Z
2026-06-27,ERCOT,210,46,0.78,LBNL Queued Up (LBNL Queued Up 2025),2026-06-27T12:53:25Z
2026-06-27,ISO-NE,50,11,0.78,LBNL Queued Up (LBNL Queued Up 2025),2026-06-27T12:53:25Z
2026-06-27,MISO,340,75,0.78,LBNL Queued Up (LBNL Queued Up 2025),2026-06-27T12:53:25Z
2026-06-27,NYISO,40,9,0.78,LBNL Queued Up (LBNL Queued Up 2025),2026-06-27T12:53:25Z
2026-06-27,Northwest,70,15,0.78,LBNL Queued Up (LBNL Queued Up 2025),2026-06-27T12:53:25Z
2026-06-27,PJM,290,64,0.78,LBNL Queued Up (LBNL Queued Up 2025),2026-06-27T12:53:25Z
2026-06-27,SPP,140,31,0.78,LBNL Queued Up (LBNL Queued Up 2025),2026-06-27T12:53:25Z
2026-06-27,Southeast,120,26,0.78,LBNL Queued Up (LBNL Queued Up 2025),2026-06-27T12:53:25Z
2026-06-27,West,95,21,0.78,LBNL Queued Up (LBNL Queued Up 2025),2026-06-27T12:53:25Z
2026-06-28,CAISO,150,33,0.78,LBNL Queued Up (LBNL Queued Up 2025),2026-06-28T12:58:54Z
2026-06-28,ERCOT,210,46,0.78,LBNL Queued Up (LBNL Queued Up 2025),2026-06-28T12:58:54Z
2026-06-28,ISO-NE,50,11,0.78,LBNL Queued Up (LBNL Queued Up 2025),2026-06-28T12:58:54Z
2026-06-28,MISO,340,75,0.78,LBNL Queued Up (LBNL Queued Up 2025),2026-06-28T12:58:54Z
2026-06-28,NYISO,40,9,0.78,LBNL Queued Up (LBNL Queued Up 2025),2026-06-28T12:58:54Z
2026-06-28,Northwest,70,15,0.78,LBNL Queued Up (LBNL Queued Up 2025),2026-06-28T12:58:54Z
2026-06-28,PJM,290,64,0.78,LBNL Queued Up (LBNL Queued Up 2025),2026-06-28T12:58:54Z
2026-06-28,SPP,140,31,0.78,LBNL Queued Up (LBNL Queued Up 2025),2026-06-28T12:58:54Z
2026-06-28,Southeast,120,26,0.78,LBNL Queued Up (LBNL Queued Up 2025),2026-06-28T12:58:54Z
2026-06-28,West,95,21,0.78,LBNL Queued Up (LBNL Queued Up 2025),2026-06-28T12:58:54Z
2026-07-02,CAISO,150,33,0.78,LBNL Queued Up (LBNL Queued Up 2025),2026-07-02T13:19:27Z
2026-07-02,ERCOT,210,46,0.78,LBNL Queued Up (LBNL Queued Up 2025),2026-07-02T13:19:27Z
2026-07-02,ISO-NE,50,11,0.78,LBNL Queued Up (LBNL Queued Up 2025),2026-07-02T13:19:27Z
2026-07-02,MISO,340,75,0.78,LBNL Queued Up (LBNL Queued Up 2025),2026-07-02T13:19:27Z
2026-07-02,NYISO,40,9,0.78,LBNL Queued Up (LBNL Queued Up 2025),2026-07-02T13:19:27Z
2026-07-02,Northwest,70,15,0.78,LBNL Queued Up (LBNL Queued Up 2025),2026-07-02T13:19:27Z
2026-07-02,PJM,290,64,0.78,LBNL Queued Up (LBNL Queued Up 2025),2026-07-02T13:19:27Z
2026-07-02,SPP,140,31,0.78,LBNL Queued Up (LBNL Queued Up 2025),2026-07-02T13:19:27Z
2026-07-02,Southeast,120,26,0.78,LBNL Queued Up (LBNL Queued Up 2025),2026-07-02T13:19:27Z
2026-07-02,West,95,21,0.78,LBNL Queued Up (LBNL Queued Up 2025),2026-07-02T13:19:27Z
2026-07-03,CAISO,150,33,0.78,LBNL Queued Up (LBNL Queued Up 2025),2026-07-03T13:21:12Z
2026-07-03,ERCOT,210,46,0.78,LBNL Queued Up (LBNL Queued Up 2025),2026-07-03T13:21:12Z
2026-07-03,ISO-NE,50,11,0.78,LBNL Queued Up (LBNL Queued Up 2025),2026-07-03T13:21:12Z
2026-07-03,MISO,340,75,0.78,LBNL Queued Up (LBNL Queued Up 2025),2026-07-03T13:21:12Z
2026-07-03,NYISO,40,9,0.78,LBNL Queued Up (LBNL Queued Up 2025),2026-07-03T13:21:12Z
2026-07-03,Northwest,70,15,0.78,LBNL Queued Up (LBNL Queued Up 2025),2026-07-03T13:21:12Z
2026-07-03,PJM,290,64,0.78,LBNL Queued Up (LBNL Queued Up 2025),2026-07-03T13:21:12Z
2026-07-03,SPP,140,31,0.78,LBNL Queued Up (LBNL Queued Up 2025),2026-07-03T13:21:12Z
2026-07-03,Southeast,120,26,0.78,LBNL Queued Up (LBNL Queued Up 2025),2026-07-03T13:21:12Z
2026-07-03,West,95,21,0.78,LBNL Queued Up (LBNL Queued Up 2025),2026-07-03T13:21:12Z
2026-07-04,CAISO,150,33,0.78,LBNL Queued Up (LBNL Queued Up 2025),2026-07-04T12:46:11Z
2026-07-04,ERCOT,210,46,0.78,LBNL Queued Up (LBNL Queued Up 2025),2026-07-04T12:46:11Z
2026-07-04,ISO-NE,50,11,0.78,LBNL Queued Up (LBNL Queued Up 2025),2026-07-04T12:46:11Z
2026-07-04,MISO,340,75,0.78,LBNL Queued Up (LBNL Queued Up 2025),2026-07-04T12:46:11Z
2026-07-04,NYISO,40,9,0.78,LBNL Queued Up (LBNL Queued Up 2025),2026-07-04T12:46:11Z
2026-07-04,Northwest,70,15,0.78,LBNL Queued Up (LBNL Queued Up 2025),2026-07-04T12:46:11Z
2026-07-04,PJM,290,64,0.78,LBNL Queued Up (LBNL Queued Up 2025),2026-07-04T12:46:11Z
2026-07-04,SPP,140,31,0.78,LBNL Queued Up (LBNL Queued Up 2025),2026-07-04T12:46:11Z
2026-07-04,Southeast,120,26,0.78,LBNL Queued Up (LBNL Queued Up 2025),2026-07-04T12:46:11Z
2026-07-04,West,95,21,0.78,LBNL Queued Up (LBNL Queued Up 2025),2026-07-04T12:46:11Z
2026-07-05,CAISO,150,33,0.78,LBNL Queued Up (LBNL Queued Up 2025),2026-07-05T12:49:52Z
2026-07-05,ERCOT,210,46,0.78,LBNL Queued Up (LBNL Queued Up 2025),2026-07-05T12:49:52Z
2026-07-05,ISO-NE,50,11,0.78,LBNL Queued Up (LBNL Queued Up 2025),2026-07-05T12:49:52Z
2026-07-05,MISO,340,75,0.78,LBNL Queued Up (LBNL Queued Up 2025),2026-07-05T12:49:52Z
2026-07-05,NYISO,40,9,0.78,LBNL Queued Up (LBNL Queued Up 2025),2026-07-05T12:49:52Z
2026-07-05,Northwest,70,15,0.78,LBNL Queued Up (LBNL Queued Up 2025),2026-07-05T12:49:52Z
2026-07-05,PJM,290,64,0.78,LBNL Queued Up (LBNL Queued Up 2025),2026-07-05T12:49:52Z
2026-07-05,SPP,140,31,0.78,LBNL Queued Up (LBNL Queued Up 2025),2026-07-05T12:49:52Z
2026-07-05,Southeast,120,26,0.78,LBNL Queued Up (LBNL Queued Up 2025),2026-07-05T12:49:52Z
2026-07-05,West,95,21,0.78,LBNL Queued Up (LBNL Queued Up 2025),2026-07-05T12:49:52Z
2026-07-06,CAISO,150,33,0.78,LBNL Queued Up (LBNL Queued Up 2025),2026-07-06T14:43:24Z
2026-07-06,ERCOT,210,46,0.78,LBNL Queued Up (LBNL Queued Up 2025),2026-07-06T14:43:24Z
2026-07-06,ISO-NE,50,11,0.78,LBNL Queued Up (LBNL Queued Up 2025),2026-07-06T14:43:24Z
2026-07-06,MISO,340,75,0.78,LBNL Queued Up (LBNL Queued Up 2025),2026-07-06T14:43:24Z
2026-07-06,NYISO,40,9,0.78,LBNL Queued Up (LBNL Queued Up 2025),2026-07-06T14:43:24Z
2026-07-06,Northwest,70,15,0.78,LBNL Queued Up (LBNL Queued Up 2025),2026-07-06T14:43:24Z
2026-07-06,PJM,290,64,0.78,LBNL Queued Up (LBNL Queued Up 2025),2026-07-06T14:43:24Z
2026-07-06,SPP,140,31,0.78,LBNL Queued Up (LBNL Queued Up 2025),2026-07-06T14:43:24Z
2026-07-06,Southeast,120,26,0.78,LBNL Queued Up (LBNL Queued Up 2025),2026-07-06T14:43:24Z
2026-07-06,West,95,21,0.78,LBNL Queued Up (LBNL Queued Up 2025),2026-07-06T14:43:24Z
2026-07-07,CAISO,150,33,0.78,LBNL Queued Up (LBNL Queued Up 2025),2026-07-07T13:37:25Z
2026-07-07,ERCOT,210,46,0.78,LBNL Queued Up (LBNL Queued Up 2025),2026-07-07T13:37:25Z
2026-07-07,ISO-NE,50,11,0.78,LBNL Queued Up (LBNL Queued Up 2025),2026-07-07T13:37:25Z
2026-07-07,MISO,340,75,0.78,LBNL Queued Up (LBNL Queued Up 2025),2026-07-07T13:37:25Z
2026-07-07,NYISO,40,9,0.78,LBNL Queued Up (LBNL Queued Up 2025),2026-07-07T13:37:25Z
2026-07-07,Northwest,70,15,0.78,LBNL Queued Up (LBNL Queued Up 2025),2026-07-07T13:37:25Z
2026-07-07,PJM,290,64,0.78,LBNL Queued Up (LBNL Queued Up 2025),2026-07-07T13:37:25Z
2026-07-07,SPP,140,31,0.78,LBNL Queued Up (LBNL Queued Up 2025),2026-07-07T13:37:25Z
2026-07-07,Southeast,120,26,0.78,LBNL Queued Up (LBNL Queued Up 2025),2026-07-07T13:37:25Z
2026-07-07,West,95,21,0.78,LBNL Queued Up (LBNL Queued Up 2025),2026-07-07T13:37:25Z
2026-07-08,CAISO,150,33,0.78,LBNL Queued Up (LBNL Queued Up 2025),2026-07-08T13:09:08Z
2026-07-08,ERCOT,210,46,0.78,LBNL Queued Up (LBNL Queued Up 2025),2026-07-08T13:09:08Z
2026-07-08,ISO-NE,50,11,0.78,LBNL Queued Up (LBNL Queued Up 2025),2026-07-08T13:09:08Z
2026-07-08,MISO,340,75,0.78,LBNL Queued Up (LBNL Queued Up 2025),2026-07-08T13:09:08Z
2026-07-08,NYISO,40,9,0.78,LBNL Queued Up (LBNL Queued Up 2025),2026-07-08T13:09:08Z
2026-07-08,Northwest,70,15,0.78,LBNL Queued Up (LBNL Queued Up 2025),2026-07-08T13:09:08Z
2026-07-08,PJM,290,64,0.78,LBNL Queued Up (LBNL Queued Up 2025),2026-07-08T13:09:08Z
2026-07-08,SPP,140,31,0.78,LBNL Queued Up (LBNL Queued Up 2025),2026-07-08T13:09:08Z
2026-07-08,Southeast,120,26,0.78,LBNL Queued Up (LBNL Queued Up 2025),2026-07-08T13:09:08Z
2026-07-08,West,95,21,0.78,LBNL Queued Up (LBNL Queued Up 2025),2026-07-08T13:09:08Z
2026-07-09,CAISO,150,33,0.78,LBNL Queued Up (LBNL Queued Up 2025),2026-07-09T14:07:12Z
2026-07-09,ERCOT,210,46,0.78,LBNL Queued Up (LBNL Queued Up 2025),2026-07-09T14:07:12Z
2026-07-09,ISO-NE,50,11,0.78,LBNL Queued Up (LBNL Queued Up 2025),2026-07-09T14:07:12Z
2026-07-09,MISO,340,75,0.78,LBNL Queued Up (LBNL Queued Up 2025),2026-07-09T14:07:12Z
2026-07-09,NYISO,40,9,0.78,LBNL Queued Up (LBNL Queued Up 2025),2026-07-09T14:07:12Z
2026-07-09,Northwest,70,15,0.78,LBNL Queued Up (LBNL Queued Up 2025),2026-07-09T14:07:12Z
2026-07-09,PJM,290,64,0.78,LBNL Queued Up (LBNL Queued Up 2025),2026-07-09T14:07:12Z
2026-07-09,SPP,140,31,0.78,LBNL Queued Up (LBNL Queued Up 2025),2026-07-09T14:07:12Z
2026-07-09,Southeast,120,26,0.78,LBNL Queued Up (LBNL Queued Up 2025),2026-07-09T14:07:12Z
2026-07-09,West,95,21,0.78,LBNL Queued Up (LBNL Queued Up 2025),2026-07-09T14:07:12Z
2026-07-10,CAISO,150,33,0.78,LBNL Queued Up (LBNL Queued Up 2025),2026-07-10T13:29:02Z
2026-07-10,ERCOT,210,46,0.78,LBNL Queued Up (LBNL Queued Up 2025),2026-07-10T13:29:02Z
2026-07-10,ISO-NE,50,11,0.78,LBNL Queued Up (LBNL Queued Up 2025),2026-07-10T13:29:02Z
2026-07-10,MISO,340,75,0.78,LBNL Queued Up (LBNL Queued Up 2025),2026-07-10T13:29:02Z
2026-07-10,NYISO,40,9,0.78,LBNL Queued Up (LBNL Queued Up 2025),2026-07-10T13:29:02Z
2026-07-10,Northwest,70,15,0.78,LBNL Queued Up (LBNL Queued Up 2025),2026-07-10T13:29:02Z
2026-07-10,PJM,290,64,0.78,LBNL Queued Up (LBNL Queued Up 2025),2026-07-10T13:29:02Z
2026-07-10,SPP,140,31,0.78,LBNL Queued Up (LBNL Queued Up 2025),2026-07-10T13:29:02Z
2026-07-10,Southeast,120,26,0.78,LBNL Queued Up (LBNL Queued Up 2025),2026-07-10T13:29:02Z
2026-07-10,West,95,21,0.78,LBNL Queued Up (LBNL Queued Up 2025),2026-07-10T13:29:02Z
2026-07-11,CAISO,150,33,0.78,LBNL Queued Up (LBNL Queued Up 2025),2026-07-11T12:31:28Z
2026-07-11,ERCOT,210,46,0.78,LBNL Queued Up (LBNL Queued Up 2025),2026-07-11T12:31:28Z
2026-07-11,ISO-NE,50,11,0.78,LBNL Queued Up (LBNL Queued Up 2025),2026-07-11T12:31:28Z
2026-07-11,MISO,340,75,0.78,LBNL Queued Up (LBNL Queued Up 2025),2026-07-11T12:31:28Z
2026-07-11,NYISO,40,9,0.78,LBNL Queued Up (LBNL Queued Up 2025),2026-07-11T12:31:28Z
2026-07-11,Northwest,70,15,0.78,LBNL Queued Up (LBNL Queued Up 2025),2026-07-11T12:31:28Z
2026-07-11,PJM,290,64,0.78,LBNL Queued Up (LBNL Queued Up 2025),2026-07-11T12:31:28Z
2026-07-11,SPP,140,31,0.78,LBNL Queued Up (LBNL Queued Up 2025),2026-07-11T12:31:28Z
2026-07-11,Southeast,120,26,0.78,LBNL Queued Up (LBNL Queued Up 2025),2026-07-11T12:31:28Z
2026-07-11,West,95,21,0.78,LBNL Queued Up (LBNL Queued Up 2025),2026-07-11T12:31:28Z
2026-07-12,CAISO,150,33,0.78,LBNL Queued Up (LBNL Queued Up 2025),2026-07-12T12:29:34Z
2026-07-12,ERCOT,210,46,0.78,LBNL Queued Up (LBNL Queued Up 2025),2026-07-12T12:29:34Z
2026-07-12,ISO-NE,50,11,0.78,LBNL Queued Up (LBNL Queued Up 2025),2026-07-12T12:29:34Z
2026-07-12,MISO,340,75,0.78,LBNL Queued Up (LBNL Queued Up 2025),2026-07-12T12:29:34Z
2026-07-12,NYISO,40,9,0.78,LBNL Queued Up (LBNL Queued Up 2025),2026-07-12T12:29:34Z
2026-07-12,Northwest,70,15,0.78,LBNL Queued Up (LBNL Queued Up 2025),2026-07-12T12:29:34Z
2026-07-12,PJM,290,64,0.78,LBNL Queued Up (LBNL Queued Up 2025),2026-07-12T12:29:34Z
2026-07-12,SPP,140,31,0.78,LBNL Queued Up (LBNL Queued Up 2025),2026-07-12T12:29:34Z
2026-07-12,Southeast,120,26,0.78,LBNL Queued Up (LBNL Queued Up 2025),2026-07-12T12:29:34Z
2026-07-12,West,95,21,0.78,LBNL Queued Up (LBNL Queued Up 2025),2026-07-12T12:29:34Z
2026-07-13,CAISO,150,33,0.78,LBNL Queued Up (LBNL Queued Up 2025),2026-07-13T13:36:02Z
2026-07-13,ERCOT,210,46,0.78,LBNL Queued Up (LBNL Queued Up 2025),2026-07-13T13:36:02Z
2026-07-13,ISO-NE,50,11,0.78,LBNL Queued Up (LBNL Queued Up 2025),2026-07-13T13:36:02Z
2026-07-13,MISO,340,75,0.78,LBNL Queued Up (LBNL Queued Up 2025),2026-07-13T13:36:02Z
2026-07-13,NYISO,40,9,0.78,LBNL Queued Up (LBNL Queued Up 2025),2026-07-13T13:36:02Z
2026-07-13,Northwest,70,15,0.78,LBNL Queued Up (LBNL Queued Up 2025),2026-07-13T13:36:02Z
2026-07-13,PJM,290,64,0.78,LBNL Queued Up (LBNL Queued Up 2025),2026-07-13T13:36:02Z
2026-07-13,SPP,140,31,0.78,LBNL Queued Up (LBNL Queued Up 2025),2026-07-13T13:36:02Z
2026-07-13,Southeast,120,26,0.78,LBNL Queued Up (LBNL Queued Up 2025),2026-07-13T13:36:02Z
2026-07-13,West,95,21,0.78,LBNL Queued Up (LBNL Queued Up 2025),2026-07-13T13:36:02Z
2026-07-14,CAISO,150,33,0.78,LBNL Queued Up (LBNL Queued Up 2025),2026-07-14T12:49:38Z
2026-07-14,ERCOT,210,46,0.78,LBNL Queued Up (LBNL Queued Up 2025),2026-07-14T12:49:38Z
2026-07-14,ISO-NE,50,11,0.78,LBNL Queued Up (LBNL Queued Up 2025),2026-07-14T12:49:38Z
2026-07-14,MISO,340,75,0.78,LBNL Queued Up (LBNL Queued Up 2025),2026-07-14T12:49:38Z
2026-07-14,NYISO,40,9,0.78,LBNL Queued Up (LBNL Queued Up 2025),2026-07-14T12:49:38Z
2026-07-14,Northwest,70,15,0.78,LBNL Queued Up (LBNL Queued Up 2025),2026-07-14T12:49:38Z
2026-07-14,PJM,290,64,0.78,LBNL Queued Up (LBNL Queued Up 2025),2026-07-14T12:49:38Z
2026-07-14,SPP,140,31,0.78,LBNL Queued Up (LBNL Queued Up 2025),2026-07-14T12:49:38Z
2026-07-14,Southeast,120,26,0.78,LBNL Queued Up (LBNL Queued Up 2025),2026-07-14T12:49:38Z
2026-07-14,West,95,21,0.78,LBNL Queued Up (LBNL Queued Up 2025),2026-07-14T12:49:38Z
2026-07-15,CAISO,150,33,0.78,LBNL Queued Up (LBNL Queued Up 2025),2026-07-15T12:53:48Z
2026-07-15,ERCOT,210,46,0.78,LBNL Queued Up (LBNL Queued Up 2025),2026-07-15T12:53:48Z
2026-07-15,ISO-NE,50,11,0.78,LBNL Queued Up (LBNL Queued Up 2025),2026-07-15T12:53:48Z
2026-07-15,MISO,340,75,0.78,LBNL Queued Up (LBNL Queued Up 2025),2026-07-15T12:53:48Z
2026-07-15,NYISO,40,9,0.78,LBNL Queued Up (LBNL Queued Up 2025),2026-07-15T12:53:48Z
2026-07-15,Northwest,70,15,0.78,LBNL Queued Up (LBNL Queued Up 2025),2026-07-15T12:53:48Z
2026-07-15,PJM,290,64,0.78,LBNL Queued Up (LBNL Queued Up 2025),2026-07-15T12:53:48Z
2026-07-15,SPP,140,31,0.78,LBNL Queued Up (LBNL Queued Up 2025),2026-07-15T12:53:48Z
2026-07-15,Southeast,120,26,0.78,LBNL Queued Up (LBNL Queued Up 2025),2026-07-15T12:53:48Z
2026-07-15,West,95,21,0.78,LBNL Queued Up (LBNL Queued Up 2025),2026-07-15T12:53:48Z
2026-07-16,CAISO,150,33,0.78,LBNL Queued Up (LBNL Queued Up 2025),2026-07-16T13:03:29Z
2026-07-16,ERCOT,210,46,0.78,LBNL Queued Up (LBNL Queued Up 2025),2026-07-16T13:03:29Z
2026-07-16,ISO-NE,50,11,0.78,LBNL Queued Up (LBNL Queued Up 2025),2026-07-16T13:03:29Z
2026-07-16,MISO,340,75,0.78,LBNL Queued Up (LBNL Queued Up 2025),2026-07-16T13:03:29Z
2026-07-16,NYISO,40,9,0.78,LBNL Queued Up (LBNL Queued Up 2025),2026-07-16T13:03:29Z
2026-07-16,Northwest,70,15,0.78,LBNL Queued Up (LBNL Queued Up 2025),2026-07-16T13:03:29Z
2026-07-16,PJM,290,64,0.78,LBNL Queued Up (LBNL Queued Up 2025),2026-07-16T13:03:29Z
2026-07-16,SPP,140,31,0.78,LBNL Queued Up (LBNL Queued Up 2025),2026-07-16T13:03:29Z
2026-07-16,Southeast,120,26,0.78,LBNL Queued Up (LBNL Queued Up 2025),2026-07-16T13:03:29Z
2026-07-16,West,95,21,0.78,LBNL Queued Up (LBNL Queued Up 2025),2026-07-16T13:03:29Z
2026-07-17,CAISO,150,33,0.78,LBNL Queued Up (LBNL Queued Up 2025),2026-07-17T12:44:34Z
2026-07-17,ERCOT,210,46,0.78,LBNL Queued Up (LBNL Queued Up 2025),2026-07-17T12:44:34Z
2026-07-17,ISO-NE,50,11,0.78,LBNL Queued Up (LBNL Queued Up 2025),2026-07-17T12:44:34Z
2026-07-17,MISO,340,75,0.78,LBNL Queued Up (LBNL Queued Up 2025),2026-07-17T12:44:34Z
2026-07-17,NYISO,40,9,0.78,LBNL Queued Up (LBNL Queued Up 2025),2026-07-17T12:44:34Z
2026-07-17,Northwest,70,15,0.78,LBNL Queued Up (LBNL Queued Up 2025),2026-07-17T12:44:34Z
2026-07-17,PJM,290,64,0.78,LBNL Queued Up (LBNL Queued Up 2025),2026-07-17T12:44:34Z
2026-07-17,SPP,140,31,0.78,LBNL Queued Up (LBNL Queued Up 2025),2026-07-17T12:44:34Z
2026-07-17,Southeast,120,26,0.78,LBNL Queued Up (LBNL Queued Up 2025),2026-07-17T12:44:34Z
2026-07-17,West,95,21,0.78,LBNL Queued Up (LBNL Queued Up 2025),2026-07-17T12:44:34Z
2026-07-18,CAISO,150,33,0.78,LBNL Queued Up (LBNL Queued Up 2025),2026-07-18T12:29:19Z
2026-07-18,ERCOT,210,46,0.78,LBNL Queued Up (LBNL Queued Up 2025),2026-07-18T12:29:19Z
2026-07-18,ISO-NE,50,11,0.78,LBNL Queued Up (LBNL Queued Up 2025),2026-07-18T12:29:19Z
2026-07-18,MISO,340,75,0.78,LBNL Queued Up (LBNL Queued Up 2025),2026-07-18T12:29:19Z
2026-07-18,NYISO,40,9,0.78,LBNL Queued Up (LBNL Queued Up 2025),2026-07-18T12:29:19Z
2026-07-18,Northwest,70,15,0.78,LBNL Queued Up (LBNL Queued Up 2025),2026-07-18T12:29:19Z
2026-07-18,PJM,290,64,0.78,LBNL Queued Up (LBNL Queued Up 2025),2026-07-18T12:29:19Z
2026-07-18,SPP,140,31,0.78,LBNL Queued Up (LBNL Queued Up 2025),2026-07-18T12:29:19Z
2026-07-18,Southeast,120,26,0.78,LBNL Queued Up (LBNL Queued Up 2025),2026-07-18T12:29:19Z
2026-07-18,West,95,21,0.78,LBNL Queued Up (LBNL Queued Up 2025),2026-07-18T12:29:19Z
2026-07-19,CAISO,150,33,0.78,LBNL Queued Up (LBNL Queued Up 2025),2026-07-19T12:28:22Z
2026-07-19,ERCOT,210,46,0.78,LBNL Queued Up (LBNL Queued Up 2025),2026-07-19T12:28:22Z
2026-07-19,ISO-NE,50,11,0.78,LBNL Queued Up (LBNL Queued Up 2025),2026-07-19T12:28:22Z
2026-07-19,MISO,340,75,0.78,LBNL Queued Up (LBNL Queued Up 2025),2026-07-19T12:28:22Z
2026-07-19,NYISO,40,9,0.78,LBNL Queued Up (LBNL Queued Up 2025),2026-07-19T12:28:22Z
2026-07-19,Northwest,70,15,0.78,LBNL Queued Up (LBNL Queued Up 2025),2026-07-19T12:28:22Z
2026-07-19,PJM,290,64,0.78,LBNL Queued Up (LBNL Queued Up 2025),2026-07-19T12:28:22Z
2026-07-19,SPP,140,31,0.78,LBNL Queued Up (LBNL Queued Up 2025),2026-07-19T12:28:22Z
2026-07-19,Southeast,120,26,0.78,LBNL Queued Up (LBNL Queued Up 2025),2026-07-19T12:28:22Z
2026-07-19,West,95,21,0.78,LBNL Queued Up (LBNL Queued Up 2025),2026-07-19T12:28:22Z
2026-07-20,CAISO,150,33,0.78,LBNL Queued Up (LBNL Queued Up 2025),2026-07-20T21:58:29Z
2026-07-20,ERCOT,210,46,0.78,LBNL Queued Up (LBNL Queued Up 2025),2026-07-20T21:58:29Z
2026-07-20,ISO-NE,50,11,0.78,LBNL Queued Up (LBNL Queued Up 2025),2026-07-20T21:58:29Z
2026-07-20,MISO,340,75,0.78,LBNL Queued Up (LBNL Queued Up 2025),2026-07-20T21:58:29Z
2026-07-20,NYISO,40,9,0.78,LBNL Queued Up (LBNL Queued Up 2025),2026-07-20T21:58:29Z
2026-07-20,Northwest,70,15,0.78,LBNL Queued Up (LBNL Queued Up 2025),2026-07-20T21:58:29Z
2026-07-20,PJM,290,64,0.78,LBNL Queued Up (LBNL Queued Up 2025),2026-07-20T21:58:29Z
2026-07-20,SPP,140,31,0.78,LBNL Queued Up (LBNL Queued Up 2025),2026-07-20T21:58:29Z
2026-07-20,Southeast,120,26,0.78,LBNL Queued Up (LBNL Queued Up 2025),2026-07-20T21:58:29Z
2026-07-20,West,95,21,0.78,LBNL Queued Up (LBNL Queued Up 2025),2026-07-20T21:58:29Z
2026-07-21,CAISO,150,33,0.78,LBNL Queued Up (LBNL Queued Up 2025),2026-07-21T22:02:25Z
2026-07-21,ERCOT,210,46,0.78,LBNL Queued Up (LBNL Queued Up 2025),2026-07-21T22:02:25Z
2026-07-21,ISO-NE,50,11,0.78,LBNL Queued Up (LBNL Queued Up 2025),2026-07-21T22:02:25Z
2026-07-21,MISO,340,75,0.78,LBNL Queued Up (LBNL Queued Up 2025),2026-07-21T22:02:25Z
2026-07-21,NYISO,40,9,0.78,LBNL Queued Up (LBNL Queued Up 2025),2026-07-21T22:02:25Z
2026-07-21,Northwest,70,15,0.78,LBNL Queued Up (LBNL Queued Up 2025),2026-07-21T22:02:25Z
2026-07-21,PJM,290,64,0.78,LBNL Queued Up (LBNL Queued Up 2025),2026-07-21T22:02:25Z
2026-07-21,SPP,140,31,0.78,LBNL Queued Up (LBNL Queued Up 2025),2026-07-21T22:02:25Z
2026-07-21,Southeast,120,26,0.78,LBNL Queued Up (LBNL Queued Up 2025),2026-07-21T22:02:25Z
2026-07-21,West,95,21,0.78,LBNL Queued Up (LBNL Queued Up 2025),2026-07-21T22:02:25Z
2026-07-22,CAISO,150,33,0.78,LBNL Queued Up (LBNL Queued Up 2025),2026-07-22T22:02:21Z
2026-07-22,ERCOT,210,46,0.78,LBNL Queued Up (LBNL Queued Up 2025),2026-07-22T22:02:21Z
2026-07-22,ISO-NE,50,11,0.78,LBNL Queued Up (LBNL Queued Up 2025),2026-07-22T22:02:21Z
2026-07-22,MISO,340,75,0.78,LBNL Queued Up (LBNL Queued Up 2025),2026-07-22T22:02:21Z
2026-07-22,NYISO,40,9,0.78,LBNL Queued Up (LBNL Queued Up 2025),2026-07-22T22:02:21Z
2026-07-22,Northwest,70,15,0.78,LBNL Queued Up (LBNL Queued Up 2025),2026-07-22T22:02:21Z
2026-07-22,PJM,290,64,0.78,LBNL Queued Up (LBNL Queued Up 2025),2026-07-22T22:02:21Z
2026-07-22,SPP,140,31,0.78,LBNL Queued Up (LBNL Queued Up 2025),2026-07-22T22:02:21Z
2026-07-22,Southeast,120,26,0.78,LBNL Queued Up (LBNL Queued Up 2025),2026-07-22T22:02:21Z
2026-07-22,West,95,21,0.78,LBNL Queued Up (LBNL Queued Up 2025),2026-07-22T22:02:21Z
2026-07-23,CAISO,150,33,0.78,LBNL Queued Up (LBNL Queued Up 2025),2026-07-23T22:02:35Z
2026-07-23,ERCOT,210,46,0.78,LBNL Queued Up (LBNL Queued Up 2025),2026-07-23T22:02:35Z
2026-07-23,ISO-NE,50,11,0.78,LBNL Queued Up (LBNL Queued Up 2025),2026-07-23T22:02:35Z
2026-07-23,MISO,340,75,0.78,LBNL Queued Up (LBNL Queued Up 2025),2026-07-23T22:02:35Z
2026-07-23,NYISO,40,9,0.78,LBNL Queued Up (LBNL Queued Up 2025),2026-07-23T22:02:35Z
2026-07-23,Northwest,70,15,0.78,LBNL Queued Up (LBNL Queued Up 2025),2026-07-23T22:02:35Z
2026-07-23,PJM,290,64,0.78,LBNL Queued Up (LBNL Queued Up 2025),2026-07-23T22:02:35Z
2026-07-23,SPP,140,31,0.78,LBNL Queued Up (LBNL Queued Up 2025),2026-07-23T22:02:35Z
2026-07-23,Southeast,120,26,0.78,LBNL Queued Up (LBNL Queued Up 2025),2026-07-23T22:02:35Z
2026-07-23,West,95,21,0.78,LBNL Queued Up (LBNL Queued Up 2025),2026-07-23T22:02:35Z
2026-07-24,CAISO,150,33,0.78,LBNL Queued Up (LBNL Queued Up 2025),2026-07-24T22:02:58Z
2026-07-24,ERCOT,210,46,0.78,LBNL Queued Up (LBNL Queued Up 2025),2026-07-24T22:02:58Z
2026-07-24,ISO-NE,50,11,0.78,LBNL Queued Up (LBNL Queued Up 2025),2026-07-24T22:02:58Z
2026-07-24,MISO,340,75,0.78,LBNL Queued Up (LBNL Queued Up 2025),2026-07-24T22:02:58Z
2026-07-24,NYISO,40,9,0.78,LBNL Queued Up (LBNL Queued Up 2025),2026-07-24T22:02:58Z
2026-07-24,Northwest,70,15,0.78,LBNL Queued Up (LBNL Queued Up 2025),2026-07-24T22:02:58Z
2026-07-24,PJM,290,64,0.78,LBNL Queued Up (LBNL Queued Up 2025),2026-07-24T22:02:58Z
2026-07-24,SPP,140,31,0.78,LBNL Queued Up (LBNL Queued Up 2025),2026-07-24T22:02:58Z
2026-07-24,Southeast,120,26,0.78,LBNL Queued Up (LBNL Queued Up 2025),2026-07-24T22:02:58Z
2026-07-24,West,95,21,0.78,LBNL Queued Up (LBNL Queued Up 2025),2026-07-24T22:02:58Z
2026-07-25,CAISO,150,33,0.78,LBNL Queued Up (LBNL Queued Up 2025),2026-07-25T21:53:22Z
2026-07-25,ERCOT,210,46,0.78,LBNL Queued Up (LBNL Queued Up 2025),2026-07-25T21:53:22Z
2026-07-25,ISO-NE,50,11,0.78,LBNL Queued Up (LBNL Queued Up 2025),2026-07-25T21:53:22Z
2026-07-25,MISO,340,75,0.78,LBNL Queued Up (LBNL Queued Up 2025),2026-07-25T21:53:22Z
2026-07-25,NYISO,40,9,0.78,LBNL Queued Up (LBNL Queued Up 2025),2026-07-25T21:53:22Z
2026-07-25,Northwest,70,15,0.78,LBNL Queued Up (LBNL Queued Up 2025),2026-07-25T21:53:22Z
2026-07-25,PJM,290,64,0.78,LBNL Queued Up (LBNL Queued Up 2025),2026-07-25T21:53:22Z
2026-07-25,SPP,140,31,0.78,LBNL Queued Up (LBNL Queued Up 2025),2026-07-25T21:53:22Z
2026-07-25,Southeast,120,26,0.78,LBNL Queued Up (LBNL Queued Up 2025),2026-07-25T21:53:22Z
2026-07-25,West,95,21,0.78,LBNL Queued Up (LBNL Queued Up 2025),2026-07-25T21:53:22Z
2026-07-26,CAISO,150,33,0.78,LBNL Queued Up (LBNL Queued Up 2025),2026-07-26T21:57:07Z
2026-07-26,ERCOT,210,46,0.78,LBNL Queued Up (LBNL Queued Up 2025),2026-07-26T21:57:07Z
2026-07-26,ISO-NE,50,11,0.78,LBNL Queued Up (LBNL Queued Up 2025),2026-07-26T21:57:07Z
2026-07-26,MISO,340,75,0.78,LBNL Queued Up (LBNL Queued Up 2025),2026-07-26T21:57:07Z
2026-07-26,NYISO,40,9,0.78,LBNL Queued Up (LBNL Queued Up 2025),2026-07-26T21:57:07Z
2026-07-26,Northwest,70,15,0.78,LBNL Queued Up (LBNL Queued Up 2025),2026-07-26T21:57:07Z
2026-07-26,PJM,290,64,0.78,LBNL Queued Up (LBNL Queued Up 2025),2026-07-26T21:57:07Z
2026-07-26,SPP,140,31,0.78,LBNL Queued Up (LBNL Queued Up 2025),2026-07-26T21:57:07Z
2026-07-26,Southeast,120,26,0.78,LBNL Queued Up (LBNL Queued Up 2025),2026-07-26T21:57:07Z
2026-07-26,West,95,21,0.78,LBNL Queued Up (LBNL Queued Up 2025),2026-07-26T21:57:07Z
2026-07-27,CAISO,150,33,0.78,LBNL Queued Up (LBNL Queued Up 2025),2026-07-27T22:04:24Z
2026-07-27,ERCOT,210,46,0.78,LBNL Queued Up (LBNL Queued Up 2025),2026-07-27T22:04:24Z
2026-07-27,ISO-NE,50,11,0.78,LBNL Queued Up (LBNL Queued Up 2025),2026-07-27T22:04:24Z
2026-07-27,MISO,340,75,0.78,LBNL Queued Up (LBNL Queued Up 2025),2026-07-27T22:04:24Z
2026-07-27,NYISO,40,9,0.78,LBNL Queued Up (LBNL Queued Up 2025),2026-07-27T22:04:24Z
2026-07-27,Northwest,70,15,0.78,LBNL Queued Up (LBNL Queued Up 2025),2026-07-27T22:04:24Z
2026-07-27,PJM,290,64,0.78,LBNL Queued Up (LBNL Queued Up 2025),2026-07-27T22:04:24Z
2026-07-27,SPP,140,31,0.78,LBNL Queued Up (LBNL Queued Up 2025),2026-07-27T22:04:24Z
2026-07-27,Southeast,120,26,0.78,LBNL Queued Up (LBNL Queued Up 2025),2026-07-27T22:04:24Z
2026-07-27,West,95,21,0.78,LBNL Queued Up (LBNL Queued Up 2025),2026-07-27T22:04:24Z
2026-07-28,CAISO,150,33,0.78,LBNL Queued Up (LBNL Queued Up 2025),2026-07-28T22:01:53Z
2026-07-28,ERCOT,210,46,0.78,LBNL Queued Up (LBNL Queued Up 2025),2026-07-28T22:01:53Z
2026-07-28,ISO-NE,50,11,0.78,LBNL Queued Up (LBNL Queued Up 2025),2026-07-28T22:01:53Z
2026-07-28,MISO,340,75,0.78,LBNL Queued Up (LBNL Queued Up 2025),2026-07-28T22:01:53Z
2026-07-28,NYISO,40,9,0.78,LBNL Queued Up (LBNL Queued Up 2025),2026-07-28T22:01:53Z
2026-07-28,Northwest,70,15,0.78,LBNL Queued Up (LBNL Queued Up 2025),2026-07-28T22:01:53Z
2026-07-28,PJM,290,64,0.78,LBNL Queued Up (LBNL Queued Up 2025),2026-07-28T22:01:53Z
2026-07-28,SPP,140,31,0.78,LBNL Queued Up (LBNL Queued Up 2025),2026-07-28T22:01:53Z
2026-07-28,Southeast,120,26,0.78,LBNL Queued Up (LBNL Queued Up 2025),2026-07-28T22:01:53Z
2026-07-28,West,95,21,0.78,LBNL Queued Up (LBNL Queued Up 2025),2026-07-28T22:01:53Z
2026-07-29,CAISO,150,33,0.78,LBNL Queued Up (LBNL Queued Up 2025),2026-07-29T21:58:08Z
2026-07-29,ERCOT,210,46,0.78,LBNL Queued Up (LBNL Queued Up 2025),2026-07-29T21:58:08Z
2026-07-29,ISO-NE,50,11,0.78,LBNL Queued Up (LBNL Queued Up 2025),2026-07-29T21:58:08Z
2026-07-29,MISO,340,75,0.78,LBNL Queued Up (LBNL Queued Up 2025),2026-07-29T21:58:08Z
2026-07-29,NYISO,40,9,0.78,LBNL Queued Up (LBNL Queued Up 2025),2026-07-29T21:58:08Z
2026-07-29,Northwest,70,15,0.78,LBNL Queued Up (LBNL Queued Up 2025),2026-07-29T21:58:08Z
2026-07-29,PJM,290,64,0.78,LBNL Queued Up (LBNL Queued Up 2025),2026-07-29T21:58:08Z
2026-07-29,SPP,140,31,0.78,LBNL Queued Up (LBNL Queued Up 2025),2026-07-29T21:58:08Z
2026-07-29,Southeast,120,26,0.78,LBNL Queued Up (LBNL Queued Up 2025),2026-07-29T21:58:08Z
2026-07-29,West,95,21,0.78,LBNL Queued Up (LBNL Queued Up 2025),2026-07-29T21:58:08Z
2026-07-30,CAISO,150,33,0.78,LBNL Queued Up (LBNL Queued Up 2025),2026-07-30T22:03:41Z
2026-07-30,ERCOT,210,46,0.78,LBNL Queued Up (LBNL Queued Up 2025),2026-07-30T22:03:41Z
2026-07-30,ISO-NE,50,11,0.78,LBNL Queued Up (LBNL Queued Up 2025),2026-07-30T22:03:41Z
2026-07-30,MISO,340,75,0.78,LBNL Queued Up (LBNL Queued Up 2025),2026-07-30T22:03:41Z
2026-07-30,NYISO,40,9,0.78,LBNL Queued Up (LBNL Queued Up 2025),2026-07-30T22:03:41Z
2026-07-30,Northwest,70,15,0.78,LBNL Queued Up (LBNL Queued Up 2025),2026-07-30T22:03:41Z
2026-07-30,PJM,290,64,0.78,LBNL Queued Up (LBNL Queued Up 2025),2026-07-30T22:03:41Z
2026-07-30,SPP,140,31,0.78,LBNL Queued Up (LBNL Queued Up 2025),2026-07-30T22:03:41Z
2026-07-30,Southeast,120,26,0.78,LBNL Queued Up (LBNL Queued Up 2025),2026-07-30T22:03:41Z
2026-07-30,West,95,21,0.78,LBNL Queued Up (LBNL Queued Up 2025),2026-07-30T22:03:41Z
2026-07-31,CAISO,150,33,0.78,LBNL Queued Up (LBNL Queued Up 2025),2026-07-31T22:02:53Z
2026-07-31,ERCOT,210,46,0.78,LBNL Queued Up (LBNL Queued Up 2025),2026-07-31T22:02:53Z
2026-07-31,ISO-NE,50,11,0.78,LBNL Queued Up (LBNL Queued Up 2025),2026-07-31T22:02:53Z
2026-07-31,MISO,340,75,0.78,LBNL Queued Up (LBNL Queued Up 2025),2026-07-31T22:02:53Z
2026-07-31,NYISO,40,9,0.78,LBNL Queued Up (LBNL Queued Up 2025),2026-07-31T22:02:53Z
2026-07-31,Northwest,70,15,0.78,LBNL Queued Up (LBNL Queued Up 2025),2026-07-31T22:02:53Z
2026-07-31,PJM,290,64,0.78,LBNL Queued Up (LBNL Queued Up 2025),2026-07-31T22:02:53Z
2026-07-31,SPP,140,31,0.78,LBNL Queued Up (LBNL Queued Up 2025),2026-07-31T22:02:53Z
2026-07-31,Southeast,120,26,0.78,LBNL Queued Up (LBNL Queued Up 2025),2026-07-31T22:02:53Z
2026-07-31,West,95,21,0.78,LBNL Queued Up (LBNL Queued Up 2025),2026-07-31T22:02:53Z
2026-08-01,CAISO,150,33,0.78,LBNL Queued Up (LBNL Queued Up 2025),2026-08-01T21:52:46Z
2026-08-01,ERCOT,210,46,0.78,LBNL Queued Up (LBNL Queued Up 2025),2026-08-01T21:52:46Z
2026-08-01,ISO-NE,50,11,0.78,LBNL Queued Up (LBNL Queued Up 2025),2026-08-01T21:52:46Z
2026-08-01,MISO,340,75,0.78,LBNL Queued Up (LBNL Queued Up 2025),2026-08-01T21:52:46Z
2026-08-01,NYISO,40,9,0.78,LBNL Queued Up (LBNL Queued Up 2025),2026-08-01T21:52:46Z
2026-08-01,Northwest,70,15,0.78,LBNL Queued Up (LBNL Queued Up 2025),2026-08-01T21:52:46Z
2026-08-01,PJM,290,64,0.78,LBNL Queued Up (LBNL Queued Up 2025),2026-08-01T21:52:46Z
2026-08-01,SPP,140,31,0.78,LBNL Queued Up (LBNL Queued Up 2025),2026-08-01T21:52:46Z
2026-08-01,Southeast,120,26,0.78,LBNL Queued Up (LBNL Queued Up 2025),2026-08-01T21:52:46Z
2026-08-01,West,95,21,0.78,LBNL Queued Up (LBNL Queued Up 2025),2026-08-01T21:52:46Z
2026-08-02,CAISO,150,33,0.78,LBNL Queued Up (LBNL Queued Up 2025),2026-08-02T21:53:12Z
2026-08-02,ERCOT,210,46,0.78,LBNL Queued Up (LBNL Queued Up 2025),2026-08-02T21:53:12Z
2026-08-02,ISO-NE,50,11,0.78,LBNL Queued Up (LBNL Queued Up 2025),2026-08-02T21:53:12Z
2026-08-02,MISO,340,75,0.78,LBNL Queued Up (LBNL Queued Up 2025),2026-08-02T21:53:12Z
2026-08-02,NYISO,40,9,0.78,LBNL Queued Up (LBNL Queued Up 2025),2026-08-02T21:53:12Z
2026-08-02,Northwest,70,15,0.78,LBNL Queued Up (LBNL Queued Up 2025),2026-08-02T21:53:12Z
2026-08-02,PJM,290,64,0.78,LBNL Queued Up (LBNL Queued Up 2025),2026-08-02T21:53:12Z
2026-08-02,SPP,140,31,0.78,LBNL Queued Up (LBNL Queued Up 2025),2026-08-02T21:53:12Z
2026-08-02,Southeast,120,26,0.78,LBNL Queued Up (LBNL Queued Up 2025),2026-08-02T21:53:12Z
2026-08-02,West,95,21,0.78,LBNL Queued Up (LBNL Queued Up 2025),2026-08-02T21:53:12Z
2026-08-03,CAISO,150,33,0.78,LBNL Queued Up (LBNL Queued Up 2025),2026-08-03T22:06:10Z
2026-08-03,ERCOT,210,46,0.78,LBNL Queued Up (LBNL Queued Up 2025),2026-08-03T22:06:10Z
2026-08-03,ISO-NE,50,11,0.78,LBNL Queued Up (LBNL Queued Up 2025),2026-08-03T22:06:10Z
2026-08-03,MISO,340,75,0.78,LBNL Queued Up (LBNL Queued Up 2025),2026-08-03T22:06:10Z
2026-08-03,NYISO,40,9,0.78,LBNL Queued Up (LBNL Queued Up 2025),2026-08-03T22:06:10Z
2026-08-03,Northwest,70,15,0.78,LBNL Queued Up (LBNL Queued Up 2025),2026-08-03T22:06:10Z
2026-08-03,PJM,290,64,0.78,LBNL Queued Up (LBNL Queued Up 2025),2026-08-03T22:06:10Z
2026-08-03,SPP,140,31,0.78,LBNL Queued Up (LBNL Queued Up 2025),2026-08-03T22:06:10Z
2026-08-03,Southeast,120,26,0.78,LBNL Queued Up (LBNL Queued Up 2025),2026-08-03T22:06:10Z
2026-08-03,West,95,21,0.78,LBNL Queued Up (LBNL Queued Up 2025),2026-08-03T22:06:10Z
2026-08-04,CAISO,150,33,0.78,LBNL Queued Up (LBNL Queued Up 2025),2026-08-04T22:12:11Z
2026-08-04,ERCOT,210,46,0.78,LBNL Queued Up (LBNL Queued Up 2025),2026-08-04T22:12:11Z
2026-08-04,ISO-NE,50,11,0.78,LBNL Queued Up (LBNL Queued Up 2025),2026-08-04T22:12:11Z
2026-08-04,MISO,340,75,0.78,LBNL Queued Up (LBNL Queued Up 2025),2026-08-04T22:12:11Z
2026-08-04,NYISO,40,9,0.78,LBNL Queued Up (LBNL Queued Up 2025),2026-08-04T22:12:11Z
2026-08-04,Northwest,70,15,0.78,LBNL Queued Up (LBNL Queued Up 2025),2026-08-04T22:12:11Z
2026-08-04,PJM,290,64,0.78,LBNL Queued Up (LBNL Queued Up 2025),2026-08-04T22:12:11Z
2026-08-04,SPP,140,31,0.78,LBNL Queued Up (LBNL Queued Up 2025),2026-08-04T22:12:11Z
2026-08-04,Southeast,120,26,0.78,LBNL Queued Up (LBNL Queued Up 2025),2026-08-04T22:12:11Z
2026-08-04,West,95,21,0.78,LBNL Queued Up (LBNL Queued Up 2025),2026-08-04T22:12:11Z
2026-08-05,CAISO,150,33,0.78,LBNL Queued Up (LBNL Queued Up 2025),2026-08-05T22:10:34Z
2026-08-05,ERCOT,210,46,0.78,LBNL Queued Up (LBNL Queued Up 2025),2026-08-05T22:10:34Z
2026-08-05,ISO-NE,50,11,0.78,LBNL Queued Up (LBNL Queued Up 2025),2026-08-05T22:10:34Z
2026-08-05,MISO,340,75,0.78,LBNL Queued Up (LBNL Queued Up 2025),2026-08-05T22:10:34Z
2026-08-05,NYISO,40,9,0.78,LBNL Queued Up (LBNL Queued Up 2025),2026-08-05T22:10:34Z
2026-08-05,Northwest,70,15,0.78,LBNL Queued Up (LBNL Queued Up 2025),2026-08-05T22:10:34Z
2026-08-05,PJM,290,64,0.78,LBNL Queued Up (LBNL Queued Up 2025),2026-08-05T22:10:34Z
2026-08-05,SPP,140,31,0.78,LBNL Queued Up (LBNL Queued Up 2025),2026-08-05T22:10:34Z
2026-08-05,Southeast,120,26,0.78,LBNL Queued Up (LBNL Queued Up 2025),2026-08-05T22:10:34Z
2026-08-05,West,95,21,0.78,LBNL Queued Up (LBNL Queued Up 2025),2026-08-05T22:10:34Z
2026-08-06,CAISO,150,33,0.78,LBNL Queued Up (LBNL Queued Up 2025),2026-08-06T15:11:21Z
2026-08-06,ERCOT,210,46,0.78,LBNL Queued Up (LBNL Queued Up 2025),2026-08-06T15:11:21Z
2026-08-06,ISO-NE,50,11,0.78,LBNL Queued Up (LBNL Queued Up 2025),2026-08-06T15:11:21Z
2026-08-06,MISO,340,75,0.78,LBNL Queued Up (LBNL Queued Up 2025),2026-08-06T15:11:21Z
2026-08-06,NYISO,40,9,0.78,LBNL Queued Up (LBNL Queued Up 2025),2026-08-06T15:11:21Z
2026-08-06,Northwest,70,15,0.78,LBNL Queued Up (LBNL Queued Up 2025),2026-08-06T15:11:21Z
2026-08-06,PJM,290,64,0.78,LBNL Queued Up (LBNL Queued Up 2025),2026-08-06T15:11:21Z
2026-08-06,SPP,140,31,0.78,LBNL Queued Up (LBNL Queued Up 2025),2026-08-06T15:11:21Z
2026-08-06,Southeast,120,26,0.78,LBNL Queued Up (LBNL Queued Up 2025),2026-08-06T15:11:21Z
2026-08-06,West,95,21,0.78,LBNL Queued Up (LBNL Queued Up 2025),2026-08-06T15:11:21Z
2026-08-07,CAISO,150,33,0.78,LBNL Queued Up (LBNL Queued Up 2025),2026-08-07T21:36:04Z
2026-08-07,ERCOT,210,46,0.78,LBNL Queued Up (LBNL Queued Up 2025),2026-08-07T21:36:04Z
2026-08-07,ISO-NE,50,11,0.78,LBNL Queued Up (LBNL Queued Up 2025),2026-08-07T21:36:04Z
2026-08-07,MISO,340,75,0.78,LBNL Queued Up (LBNL Queued Up 2025),2026-08-07T21:36:04Z
2026-08-07,NYISO,40,9,0.78,LBNL Queued Up (LBNL Queued Up 2025),2026-08-07T21:36:04Z
2026-08-07,Northwest,70,15,0.78,LBNL Queued Up (LBNL Queued Up 2025),2026-08-07T21:36:04Z
2026-08-07,PJM,290,64,0.78,LBNL Queued Up (LBNL Queued Up 2025),2026-08-07T21:36:04Z
2026-08-07,SPP,140,31,0.78,LBNL Queued Up (LBNL Queued Up 2025),2026-08-07T21:36:04Z
2026-08-07,Southeast,120,26,0.78,LBNL Queued Up (LBNL Queued Up 2025),2026-08-07T21:36:04Z
2026-08-07,West,95,21,0.78,LBNL Queued Up (LBNL Queued Up 2025),2026-08-07T21:36:04Z
2026-08-08,CAISO,150,33,0.78,LBNL Queued Up (LBNL Queued Up 2025),2026-08-08T21:26:39Z
2026-08-08,ERCOT,210,46,0.78,LBNL Queued Up (LBNL Queued Up 2025),2026-08-08T21:26:39Z
2026-08-08,ISO-NE,50,11,0.78,LBNL Queued Up (LBNL Queued Up 2025),2026-08-08T21:26:39Z
2026-08-08,MISO,340,75,0.78,LBNL Queued Up (LBNL Queued Up 2025),2026-08-08T21:26:39Z
2026-08-08,NYISO,40,9,0.78,LBNL Queued Up (LBNL Queued Up 2025),2026-08-08T21:26:39Z
2026-08-08,Northwest,70,15,0.78,LBNL Queued Up (LBNL Queued Up 2025),2026-08-08T21:26:39Z
2026-08-08,PJM,290,64,0.78,LBNL Queued Up (LBNL Queued Up 2025),2026-08-08T21:26:39Z
2026-08-08,SPP,140,31,0.78,LBNL Queued Up (LBNL Queued Up 2025),2026-08-08T21:26:39Z
2026-08-08,Southeast,120,26,0.78,LBNL Queued Up (LBNL Queued Up 2025),2026-08-08T21:26:39Z
2026-08-08,West,95,21,0.78,LBNL Queued Up (LBNL Queued Up 2025),2026-08-08T21:26:39Z
2026-08-09,CAISO,150,33,0.78,LBNL Queued Up (LBNL Queued Up 2025),2026-08-09T21:28:22Z
2026-08-09,ERCOT,210,46,0.78,LBNL Queued Up (LBNL Queued Up 2025),2026-08-09T21:28:22Z
2026-08-09,ISO-NE,50,11,0.78,LBNL Queued Up (LBNL Queued Up 2025),2026-08-09T21:28:22Z
2026-08-09,MISO,340,75,0.78,LBNL Queued Up (LBNL Queued Up 2025),2026-08-09T21:28:22Z
2026-08-09,NYISO,40,9,0.78,LBNL Queued Up (LBNL Queued Up 2025),2026-08-09T21:28:22Z
2026-08-09,Northwest,70,15,0.78,LBNL Queued Up (LBNL Queued Up 2025),2026-08-09T21:28:22Z
2026-08-09,PJM,290,64,0.78,LBNL Queued Up (LBNL Queued Up 2025),2026-08-09T21:28:22Z
2026-08-09,SPP,140,31,0.78,LBNL Queued Up (LBNL Queued Up 2025),2026-08-09T21:28:22Z
2026-08-09,Southeast,120,26,0.78,LBNL Queued Up (LBNL Queued Up 2025),2026-08-09T21:28:22Z
2026-08-09,West,95,21,0.78,LBNL Queued Up (LBNL Queued Up 2025),2026-08-09T21:28:22Z
2026-08-10,CAISO,150,33,0.78,LBNL Queued Up (LBNL Queued Up 2025),2026-08-10T21:37:59Z
2026-08-10,ERCOT,210,46,0.78,LBNL Queued Up (LBNL Queued Up 2025),2026-08-10T21:37:59Z
2026-08-10,ISO-NE,50,11,0.78,LBNL Queued Up (LBNL Queued Up 2025),2026-08-10T21:37:59Z
2026-08-10,MISO,340,75,0.78,LBNL Queued Up (LBNL Queued Up 2025),2026-08-10T21:37:59Z
2026-08-10,NYISO,40,9,0.78,LBNL Queued Up (LBNL Queued Up 2025),2026-08-10T21:37:59Z
2026-08-10,Northwest,70,15,0.78,LBNL Queued Up (LBNL Queued Up 2025),2026-08-10T21:37:59Z
2026-08-10,PJM,290,64,0.78,LBNL Queued Up (LBNL Queued Up 2025),2026-08-10T21:37:59Z
2026-08-10,SPP,140,31,0.78,LBNL Queued Up (LBNL Queued Up 2025),2026-08-10T21:37:59Z
2026-08-10,Southeast,120,26,0.78,LBNL Queued Up (LBNL Queued Up 2025),2026-08-10T21:37:59Z
2026-08-10,West,95,21,0.78,LBNL Queued Up (LBNL Queued Up 2025),2026-08-10T21:37:59Z
2026-08-11,CAISO,150,33,0.78,LBNL Queued Up (LBNL Queued Up 2025),2026-08-11T21:42:18Z
2026-08-11,ERCOT,210,46,0.78,LBNL Queued Up (LBNL Queued Up 2025),2026-08-11T21:42:18Z
2026-08-11,ISO-NE,50,11,0.78,LBNL Queued Up (LBNL Queued Up 2025),2026-08-11T21:42:18Z
2026-08-11,MISO,340,75,0.78,LBNL Queued Up (LBNL Queued Up 2025),2026-08-11T21:42:18Z
2026-08-11,NYISO,40,9,0.78,LBNL Queued Up (LBNL Queued Up 2025),2026-08-11T21:42:18Z
2026-08-11,Northwest,70,15,0.78,LBNL Queued Up (LBNL Queued Up 2025),2026-08-11T21:42:18Z
2026-08-11,PJM,290,64,0.78,LBNL Queued Up (LBNL Queued Up 2025),2026-08-11T21:42:18Z
2026-08-11,SPP,140,31,0.78,LBNL Queued Up (LBNL Queued Up 2025),2026-08-11T21:42:18Z
2026-08-11,Southeast,120,26,0.78,LBNL Queued Up (LBNL Queued Up 2025),2026-08-11T21:42:18Z
2026-08-11,West,95,21,0.78,LBNL Queued Up (LBNL Queued Up 2025),2026-08-11T21:42:18Z
2026-08-12,CAISO,150,33,0.78,LBNL Queued Up (LBNL Queued Up 2025),2026-08-12T21:41:41Z
2026-08-12,ERCOT,210,46,0.78,LBNL Queued Up (LBNL Queued Up 2025),2026-08-12T21:41:41Z
2026-08-12,ISO-NE,50,11,0.78,LBNL Queued Up (LBNL Queued Up 2025),2026-08-12T21:41:41Z
2026-08-12,MISO,340,75,0.78,LBNL Queued Up (LBNL Queued Up 2025),2026-08-12T21:41:41Z
2026-08-12,NYISO,40,9,0.78,LBNL Queued Up (LBNL Queued Up 2025),2026-08-12T21:41:41Z
2026-08-12,Northwest,70,15,0.78,LBNL Queued Up (LBNL Queued Up 2025),2026-08-12T21:41:41Z
2026-08-12,PJM,290,64,0.78,LBNL Queued Up (LBNL Queued Up 2025),2026-08-12T21:41:41Z
2026-08-12,SPP,140,31,0.78,LBNL Queued Up (LBNL Queued Up 2025),2026-08-12T21:41:41Z
2026-08-12,Southeast,120,26,0.78,LBNL Queued Up (LBNL Queued Up 2025),2026-08-12T21:41:41Z
2026-08-12,West,95,21,0.78,LBNL Queued Up (LBNL Queued Up 2025),2026-08-12T21:41:41Z
2026-08-13,CAISO,150,33,0.78,LBNL Queued Up (LBNL Queued Up 2025),2026-08-13T21:41:32Z
2026-08-13,ERCOT,210,46,0.78,LBNL Queued Up (LBNL Queued Up 2025),2026-08-13T21:41:32Z
2026-08-13,ISO-NE,50,11,0.78,LBNL Queued Up (LBNL Queued Up 2025),2026-08-13T21:41:32Z
2026-08-13,MISO,340,75,0.78,LBNL Queued Up (LBNL Queued Up 2025),2026-08-13T21:41:32Z
2026-08-13,NYISO,40,9,0.78,LBNL Queued Up (LBNL Queued Up 2025),2026-08-13T21:41:32Z
2026-08-13,Northwest,70,15,0.78,LBNL Queued Up (LBNL Queued Up 2025),2026-08-13T21:41:32Z
2026-08-13,PJM,290,64,0.78,LBNL Queued Up (LBNL Queued Up 2025),2026-08-13T21:41:32Z
2026-08-13,SPP,140,31,0.78,LBNL Queued Up (LBNL Queued Up 2025),2026-08-13T21:41:32Z
2026-08-13,Southeast,120,26,0.78,LBNL Queued Up (LBNL Queued Up 2025),2026-08-13T21:41:32Z
2026-08-13,West,95,21,0.78,LBNL Queued Up (LBNL Queued Up 2025),2026-08-13T21:41:32Z
2026-08-14,CAISO,150,33,0.78,LBNL Queued Up (LBNL Queued Up 2025),2026-08-14T21:23:40Z
2026-08-14,ERCOT,210,46,0.78,LBNL Queued Up (LBNL Queued Up 2025),2026-08-14T21:23:40Z
2026-08-14,ISO-NE,50,11,0.78,LBNL Queued Up (LBNL Queued Up 2025),2026-08-14T21:23:40Z
2026-08-14,MISO,340,75,0.78,LBNL Queued Up (LBNL Queued Up 2025),2026-08-14T21:23:40Z
2026-08-14,NYISO,40,9,0.78,LBNL Queued Up (LBNL Queued Up 2025),2026-08-14T21:23:40Z
2026-08-14,Northwest,70,15,0.78,LBNL Queued Up (LBNL Queued Up 2025),2026-08-14T21:23:40Z
2026-08-14,PJM,290,64,0.78,LBNL Queued Up (LBNL Queued Up 2025),2026-08-14T21:23:40Z
2026-08-14,SPP,140,31,0.78,LBNL Queued Up (LBNL Queued Up 2025),2026-08-14T21:23:40Z
2026-08-14,Southeast,120,26,0.78,LBNL Queued Up (LBNL Queued Up 2025),2026-08-14T21:23:40Z
2026-08-14,West,95,21,0.78,LBNL Queued Up (LBNL Queued Up 2025),2026-08-14T21:23:40Z
2026-08-15,CAISO,150,33,0.78,LBNL Queued Up (LBNL Queued Up 2025),2026-08-15T21:20:52Z
2026-08-15,ERCOT,210,46,0.78,LBNL Queued Up (LBNL Queued Up 2025),2026-08-15T21:20:52Z
2026-08-15,ISO-NE,50,11,0.78,LBNL Queued Up (LBNL Queued Up 2025),2026-08-15T21:20:52Z
2026-08-15,MISO,340,75,0.78,LBNL Queued Up (LBNL Queued Up 2025),2026-08-15T21:20:52Z
2026-08-15,NYISO,40,9,0.78,LBNL Queued Up (LBNL Queued Up 2025),2026-08-15T21:20:52Z
2026-08-15,Northwest,70,15,0.78,LBNL Queued Up (LBNL Queued Up 2025),2026-08-15T21:20:52Z
2026-08-15,PJM,290,64,0.78,LBNL Queued Up (LBNL Queued Up 2025),2026-08-15T21:20:52Z
2026-08-15,SPP,140,31,0.78,LBNL Queued Up (LBNL Queued Up 2025),2026-08-15T21:20:52Z
2026-08-15,Southeast,120,26,0.78,LBNL Queued Up (LBNL Queued Up 2025),2026-08-15T21:20:52Z
2026-08-15,West,95,21,0.78,LBNL Queued Up (LBNL Queued Up 2025),2026-08-15T21:20:52Z
2026-08-16,CAISO,150,33,0.78,LBNL Queued Up (LBNL Queued Up 2025),2026-08-16T21:18:13Z
2026-08-16,ERCOT,210,46,0.78,LBNL Queued Up (LBNL Queued Up 2025),2026-08-16T21:18:13Z
2026-08-16,ISO-NE,50,11,0.78,LBNL Queued Up (LBNL Queued Up 2025),2026-08-16T21:18:13Z
2026-08-16,MISO,340,75,0.78,LBNL Queued Up (LBNL Queued Up 2025),2026-08-16T21:18:13Z
2026-08-16,NYISO,40,9,0.78,LBNL Queued Up (LBNL Queued Up 2025),2026-08-16T21:18:13Z
2026-08-16,Northwest,70,15,0.78,LBNL Queued Up (LBNL Queued Up 2025),2026-08-16T21:18:13Z
2026-08-16,PJM,290,64,0.78,LBNL Queued Up (LBNL Queued Up 2025),2026-08-16T21:18:13Z
2026-08-16,SPP,140,31,0.78,LBNL Queued Up (LBNL Queued Up 2025),2026-08-16T21:18:13Z
2026-08-16,Southeast,120,26,0.78,LBNL Queued Up (LBNL Queued Up 2025),2026-08-16T21:18:13Z
2026-08-16,West,95,21,0.78,LBNL Queued Up (LBNL Queued Up 2025),2026-08-16T21:18:13Z
2026-08-17,CAISO,150,33,0.78,LBNL Queued Up (LBNL Queued Up 2025),2026-08-17T21:25:52Z
2026-08-17,ERCOT,210,46,0.78,LBNL Queued Up (LBNL Queued Up 2025),2026-08-17T21:25:52Z
2026-08-17,ISO-NE,50,11,0.78,LBNL Queued Up (LBNL Queued Up 2025),2026-08-17T21:25:52Z
2026-08-17,MISO,340,75,0.78,LBNL Queued Up (LBNL Queued Up 2025),2026-08-17T21:25:52Z
2026-08-17,NYISO,40,9,0.78,LBNL Queued Up (LBNL Queued Up 2025),2026-08-17T21:25:52Z
2026-08-17,Northwest,70,15,0.78,LBNL Queued Up (LBNL Queued Up 2025),2026-08-17T21:25:52Z
2026-08-17,PJM,290,64,0.78,LBNL Queued Up (LBNL Queued Up 2025),2026-08-17T21:25:52Z
2026-08-17,SPP,140,31,0.78,LBNL Queued Up (LBNL Queued Up 2025),2026-08-17T21:25:52Z
2026-08-17,Southeast,120,26,0.78,LBNL Queued Up (LBNL Queued Up 2025),2026-08-17T21:25:52Z
2026-08-17,West,95,21,0.78,LBNL Queued Up (LBNL Queued Up 2025),2026-08-17T21:25:52Z
2026-08-18,CAISO,150,33,0.78,LBNL Queued Up (LBNL Queued Up 2025),2026-08-18T21:23:34Z
2026-08-18,ERCOT,210,46,0.78,LBNL Queued Up (LBNL Queued Up 2025),2026-08-18T21:23:34Z
2026-08-18,ISO-NE,50,11,0.78,LBNL Queued Up (LBNL Queued Up 2025),2026-08-18T21:23:34Z
2026-08-18,MISO,340,75,0.78,LBNL Queued Up (LBNL Queued Up 2025),2026-08-18T21:23:34Z
2026-08-18,NYISO,40,9,0.78,LBNL Queued Up (LBNL Queued Up 2025),2026-08-18T21:23:34Z
2026-08-18,Northwest,70,15,0.78,LBNL Queued Up (LBNL Queued Up 2025),2026-08-18T21:23:34Z
2026-08-18,PJM,290,64,0.78,LBNL Queued Up (LBNL Queued Up 2025),2026-08-18T21:23:34Z
2026-08-18,SPP,140,31,0.78,LBNL Queued Up (LBNL Queued Up 2025),2026-08-18T21:23:34Z
2026-08-18,Southeast,120,26,0.78,LBNL Queued Up (LBNL Queued Up 2025),2026-08-18T21:23:34Z
2026-08-18,West,95,21,0.78,LBNL Queued Up (LBNL Queued Up 2025),2026-08-18T21:23:34Z
2026-08-19,CAISO,150,33,0.78,LBNL Queued Up (LBNL Queued Up 2025),2026-08-19T21:24:43Z
2026-08-19,ERCOT,210,46,0.78,LBNL Queued Up (LBNL Queued Up 2025),2026-08-19T21:24:43Z
2026-08-19,ISO-NE,50,11,0.78,LBNL Queued Up (LBNL Queued Up 2025),2026-08-19T21:24:43Z
2026-08-19,MISO,340,75,0.78,LBNL Queued Up (LBNL Queued Up 2025),2026-08-19T21:24:43Z
2026-08-19,NYISO,40,9,0.78,LBNL Queued Up (LBNL Queued Up 2025),2026-08-19T21:24:43Z
2026-08-19,Northwest,70,15,0.78,LBNL Queued Up (LBNL Queued Up 2025),2026-08-19T21:24:43Z
2026-08-19,PJM,290,64,0.78,LBNL Queued Up (LBNL Queued Up 2025),2026-08-19T21:24:43Z
2026-08-19,SPP,140,31,0.78,LBNL Queued Up (LBNL Queued Up 2025),2026-08-19T21:24:43Z
2026-08-19,Southeast,120,26,0.78,LBNL Queued Up (LBNL Queued Up 2025),2026-08-19T21:24:43Z
2026-08-19,West,95,21,0.78,LBNL Queued Up (LBNL Queued Up 2025),2026-08-19T21:24:43Z
2026-08-20,CAISO,150,33,0.78,LBNL Queued Up (LBNL Queued Up 2025),2026-08-20T21:24:23Z
2026-08-20,ERCOT,210,46,0.78,LBNL Queued Up (LBNL Queued Up 2025),2026-08-20T21:24:23Z
2026-08-20,ISO-NE,50,11,0.78,LBNL Queued Up (LBNL Queued Up 2025),2026-08-20T21:24:23Z
2026-08-20,MISO,340,75,0.78,LBNL Queued Up (LBNL Queued Up 2025),2026-08-20T21:24:23Z
2026-08-20,NYISO,40,9,0.78,LBNL Queued Up (LBNL Queued Up 2025),2026-08-20T21:24:23Z
2026-08-20,Northwest,70,15,0.78,LBNL Queued Up (LBNL Queued Up 2025),2026-08-20T21:24:23Z
2026-08-20,PJM,290,64,0.78,LBNL Queued Up (LBNL Queued Up 2025),2026-08-20T21:24:23Z
2026-08-20,SPP,140,31,0.78,LBNL Queued Up (LBNL Queued Up 2025),2026-08-20T21:24:23Z
2026-08-20,Southeast,120,26,0.78,LBNL Queued Up (LBNL Queued Up 2025),2026-08-20T21:24:23Z
2026-08-20,West,95,21,0.78,LBNL Queued Up (LBNL Queued Up 2025),2026-08-20T21:24:23Z
2026-08-21,CAISO,150,33,0.78,LBNL Queued Up (LBNL Queued Up 2025),2026-08-21T21:20:31Z
2026-08-21,ERCOT,210,46,0.78,LBNL Queued Up (LBNL Queued Up 2025),2026-08-21T21:20:31Z
2026-08-21,ISO-NE,50,11,0.78,LBNL Queued Up (LBNL Queued Up 2025),2026-08-21T21:20:31Z
2026-08-21,MISO,340,75,0.78,LBNL Queued Up (LBNL Queued Up 2025),2026-08-21T21:20:31Z
2026-08-21,NYISO,40,9,0.78,LBNL Queued Up (LBNL Queued Up 2025),2026-08-21T21:20:31Z
2026-08-21,Northwest,70,15,0.78,LBNL Queued Up (LBNL Queued Up 2025),2026-08-21T21:20:31Z
2026-08-21,PJM,290,64,0.78,LBNL Queued Up (LBNL Queued Up 2025),2026-08-21T21:20:31Z
2026-08-21,SPP,140,31,0.78,LBNL Queued Up (LBNL Queued Up 2025),2026-08-21T21:20:31Z
2026-08-21,Southeast,120,26,0.78,LBNL Queued Up (LBNL Queued Up 2025),2026-08-21T21:20:31Z
2026-08-21,West,95,21,0.78,LBNL Queued Up (LBNL Queued Up 2025),2026-08-21T21:20:31Z
