date,fips,score,source,fetched_at
2026-06-19,01,45,modeled,2026-06-19T18:19:14Z
2026-06-19,02,35,modeled,2026-06-19T18:19:14Z
2026-06-19,04,60,modeled,2026-06-19T18:19:14Z
2026-06-19,05,29,modeled,2026-06-19T18:19:14Z
2026-06-19,06,70,modeled,2026-06-19T18:19:14Z
2026-06-19,08,58,modeled,2026-06-19T18:19:14Z
2026-06-19,09,56,modeled,2026-06-19T18:19:14Z
2026-06-19,10,28,modeled,2026-06-19T18:19:14Z
2026-06-19,11,26,modeled,2026-06-19T18:19:14Z
2026-06-19,12,44,modeled,2026-06-19T18:19:14Z
2026-06-19,13,46,modeled,2026-06-19T18:19:14Z
2026-06-19,15,29,modeled,2026-06-19T18:19:14Z
2026-06-19,16,63,modeled,2026-06-19T18:19:14Z
2026-06-19,17,27,modeled,2026-06-19T18:19:14Z
2026-06-19,18,27,modeled,2026-06-19T18:19:14Z
2026-06-19,19,29,modeled,2026-06-19T18:19:14Z
2026-06-19,20,76,modeled,2026-06-19T18:19:14Z
2026-06-19,21,31,modeled,2026-06-19T18:19:14Z
2026-06-19,22,29,modeled,2026-06-19T18:19:14Z
2026-06-19,23,59,modeled,2026-06-19T18:19:14Z
2026-06-19,24,25,modeled,2026-06-19T18:19:14Z
2026-06-19,25,56,modeled,2026-06-19T18:19:14Z
2026-06-19,26,27,modeled,2026-06-19T18:19:14Z
2026-06-19,27,27,modeled,2026-06-19T18:19:14Z
2026-06-19,28,28,modeled,2026-06-19T18:19:14Z
2026-06-19,29,28,modeled,2026-06-19T18:19:14Z
2026-06-19,30,64,modeled,2026-06-19T18:19:14Z
2026-06-19,31,77,modeled,2026-06-19T18:19:14Z
2026-06-19,32,60,modeled,2026-06-19T18:19:14Z
2026-06-19,33,57,modeled,2026-06-19T18:19:14Z
2026-06-19,34,26,modeled,2026-06-19T18:19:14Z
2026-06-19,35,62,modeled,2026-06-19T18:19:14Z
2026-06-19,36,68,modeled,2026-06-19T18:19:14Z
2026-06-19,37,90,modeled,2026-06-19T18:19:14Z
2026-06-19,38,28,modeled,2026-06-19T18:19:14Z
2026-06-19,39,29,modeled,2026-06-19T18:19:14Z
2026-06-19,40,78,modeled,2026-06-19T18:19:14Z
2026-06-19,41,63,modeled,2026-06-19T18:19:14Z
2026-06-19,42,29,modeled,2026-06-19T18:19:14Z
2026-06-19,44,57,modeled,2026-06-19T18:19:14Z
2026-06-19,45,90,modeled,2026-06-19T18:19:14Z
2026-06-19,46,75,modeled,2026-06-19T18:19:14Z
2026-06-19,47,90,modeled,2026-06-19T18:19:14Z
2026-06-19,48,45,modeled,2026-06-19T18:19:14Z
2026-06-19,49,60,modeled,2026-06-19T18:19:14Z
2026-06-19,50,61,modeled,2026-06-19T18:19:14Z
2026-06-19,51,29,modeled,2026-06-19T18:19:14Z
2026-06-19,53,63,modeled,2026-06-19T18:19:14Z
2026-06-19,54,31,modeled,2026-06-19T18:19:14Z
2026-06-19,55,27,modeled,2026-06-19T18:19:14Z
2026-06-19,56,62,modeled,2026-06-19T18:19:14Z
2026-06-20,01,45,modeled,2026-06-20T17:07:22Z
2026-06-20,02,35,modeled,2026-06-20T17:07:22Z
2026-06-20,04,60,modeled,2026-06-20T17:07:22Z
2026-06-20,05,29,modeled,2026-06-20T17:07:22Z
2026-06-20,06,70,modeled,2026-06-20T17:07:22Z
2026-06-20,08,58,modeled,2026-06-20T17:07:22Z
2026-06-20,09,56,modeled,2026-06-20T17:07:22Z
2026-06-20,10,28,modeled,2026-06-20T17:07:22Z
2026-06-20,11,26,modeled,2026-06-20T17:07:22Z
2026-06-20,12,44,modeled,2026-06-20T17:07:22Z
2026-06-20,13,46,modeled,2026-06-20T17:07:22Z
2026-06-20,15,29,modeled,2026-06-20T17:07:22Z
2026-06-20,16,63,modeled,2026-06-20T17:07:22Z
2026-06-20,17,27,modeled,2026-06-20T17:07:22Z
2026-06-20,18,27,modeled,2026-06-20T17:07:22Z
2026-06-20,19,29,modeled,2026-06-20T17:07:22Z
2026-06-20,20,76,modeled,2026-06-20T17:07:22Z
2026-06-20,21,31,modeled,2026-06-20T17:07:22Z
2026-06-20,22,29,modeled,2026-06-20T17:07:22Z
2026-06-20,23,59,modeled,2026-06-20T17:07:22Z
2026-06-20,24,25,modeled,2026-06-20T17:07:22Z
2026-06-20,25,56,modeled,2026-06-20T17:07:22Z
2026-06-20,26,27,modeled,2026-06-20T17:07:22Z
2026-06-20,27,27,modeled,2026-06-20T17:07:22Z
2026-06-20,28,28,modeled,2026-06-20T17:07:22Z
2026-06-20,29,28,modeled,2026-06-20T17:07:22Z
2026-06-20,30,64,modeled,2026-06-20T17:07:22Z
2026-06-20,31,77,modeled,2026-06-20T17:07:22Z
2026-06-20,32,60,modeled,2026-06-20T17:07:22Z
2026-06-20,33,57,modeled,2026-06-20T17:07:22Z
2026-06-20,34,26,modeled,2026-06-20T17:07:22Z
2026-06-20,35,62,modeled,2026-06-20T17:07:22Z
2026-06-20,36,68,modeled,2026-06-20T17:07:22Z
2026-06-20,37,90,modeled,2026-06-20T17:07:22Z
2026-06-20,38,28,modeled,2026-06-20T17:07:22Z
2026-06-20,39,29,modeled,2026-06-20T17:07:22Z
2026-06-20,40,78,modeled,2026-06-20T17:07:22Z
2026-06-20,41,63,modeled,2026-06-20T17:07:22Z
2026-06-20,42,29,modeled,2026-06-20T17:07:22Z
2026-06-20,44,57,modeled,2026-06-20T17:07:22Z
2026-06-20,45,90,modeled,2026-06-20T17:07:22Z
2026-06-20,46,75,modeled,2026-06-20T17:07:22Z
2026-06-20,47,90,modeled,2026-06-20T17:07:22Z
2026-06-20,48,45,modeled,2026-06-20T17:07:22Z
2026-06-20,49,60,modeled,2026-06-20T17:07:22Z
2026-06-20,50,61,modeled,2026-06-20T17:07:22Z
2026-06-20,51,29,modeled,2026-06-20T17:07:22Z
2026-06-20,53,63,modeled,2026-06-20T17:07:22Z
2026-06-20,54,31,modeled,2026-06-20T17:07:22Z
2026-06-20,55,27,modeled,2026-06-20T17:07:22Z
2026-06-20,56,62,modeled,2026-06-20T17:07:22Z
2026-06-21,01,45,modeled,2026-06-21T17:10:37Z
2026-06-21,02,35,modeled,2026-06-21T17:10:37Z
2026-06-21,04,60,modeled,2026-06-21T17:10:37Z
2026-06-21,05,29,modeled,2026-06-21T17:10:37Z
2026-06-21,06,70,modeled,2026-06-21T17:10:37Z
2026-06-21,08,58,modeled,2026-06-21T17:10:37Z
2026-06-21,09,56,modeled,2026-06-21T17:10:37Z
2026-06-21,10,28,modeled,2026-06-21T17:10:37Z
2026-06-21,11,26,modeled,2026-06-21T17:10:37Z
2026-06-21,12,44,modeled,2026-06-21T17:10:37Z
2026-06-21,13,46,modeled,2026-06-21T17:10:37Z
2026-06-21,15,29,modeled,2026-06-21T17:10:37Z
2026-06-21,16,63,modeled,2026-06-21T17:10:37Z
2026-06-21,17,27,modeled,2026-06-21T17:10:37Z
2026-06-21,18,27,modeled,2026-06-21T17:10:37Z
2026-06-21,19,29,modeled,2026-06-21T17:10:37Z
2026-06-21,20,76,modeled,2026-06-21T17:10:37Z
2026-06-21,21,31,modeled,2026-06-21T17:10:37Z
2026-06-21,22,29,modeled,2026-06-21T17:10:37Z
2026-06-21,23,59,modeled,2026-06-21T17:10:37Z
2026-06-21,24,25,modeled,2026-06-21T17:10:37Z
2026-06-21,25,56,modeled,2026-06-21T17:10:37Z
2026-06-21,26,27,modeled,2026-06-21T17:10:37Z
2026-06-21,27,27,modeled,2026-06-21T17:10:37Z
2026-06-21,28,28,modeled,2026-06-21T17:10:37Z
2026-06-21,29,28,modeled,2026-06-21T17:10:37Z
2026-06-21,30,64,modeled,2026-06-21T17:10:37Z
2026-06-21,31,77,modeled,2026-06-21T17:10:37Z
2026-06-21,32,60,modeled,2026-06-21T17:10:37Z
2026-06-21,33,57,modeled,2026-06-21T17:10:37Z
2026-06-21,34,26,modeled,2026-06-21T17:10:37Z
2026-06-21,35,62,modeled,2026-06-21T17:10:37Z
2026-06-21,36,68,modeled,2026-06-21T17:10:37Z
2026-06-21,37,90,modeled,2026-06-21T17:10:37Z
2026-06-21,38,28,modeled,2026-06-21T17:10:37Z
2026-06-21,39,29,modeled,2026-06-21T17:10:37Z
2026-06-21,40,78,modeled,2026-06-21T17:10:37Z
2026-06-21,41,63,modeled,2026-06-21T17:10:37Z
2026-06-21,42,29,modeled,2026-06-21T17:10:37Z
2026-06-21,44,57,modeled,2026-06-21T17:10:37Z
2026-06-21,45,90,modeled,2026-06-21T17:10:37Z
2026-06-21,46,75,modeled,2026-06-21T17:10:37Z
2026-06-21,47,90,modeled,2026-06-21T17:10:37Z
2026-06-21,48,45,modeled,2026-06-21T17:10:37Z
2026-06-21,49,60,modeled,2026-06-21T17:10:37Z
2026-06-21,50,61,modeled,2026-06-21T17:10:37Z
2026-06-21,51,29,modeled,2026-06-21T17:10:37Z
2026-06-21,53,63,modeled,2026-06-21T17:10:37Z
2026-06-21,54,31,modeled,2026-06-21T17:10:37Z
2026-06-21,55,27,modeled,2026-06-21T17:10:37Z
2026-06-21,56,62,modeled,2026-06-21T17:10:37Z
2026-06-22,01,45,modeled,2026-06-22T21:27:29Z
2026-06-22,02,36,modeled,2026-06-22T21:27:29Z
2026-06-22,04,61,modeled,2026-06-22T21:27:29Z
2026-06-22,05,30,modeled,2026-06-22T21:27:29Z
2026-06-22,06,70,modeled,2026-06-22T21:27:29Z
2026-06-22,08,59,modeled,2026-06-22T21:27:29Z
2026-06-22,09,57,modeled,2026-06-22T21:27:29Z
2026-06-22,10,29,modeled,2026-06-22T21:27:29Z
2026-06-22,11,26,modeled,2026-06-22T21:27:29Z
2026-06-22,12,44,modeled,2026-06-22T21:27:29Z
2026-06-22,13,46,modeled,2026-06-22T21:27:29Z
2026-06-22,15,30,modeled,2026-06-22T21:27:29Z
2026-06-22,16,64,modeled,2026-06-22T21:27:29Z
2026-06-22,17,28,modeled,2026-06-22T21:27:29Z
2026-06-22,18,28,modeled,2026-06-22T21:27:29Z
2026-06-22,19,30,modeled,2026-06-22T21:27:29Z
2026-06-22,20,76,modeled,2026-06-22T21:27:29Z
2026-06-22,21,32,modeled,2026-06-22T21:27:29Z
2026-06-22,22,29,modeled,2026-06-22T21:27:29Z
2026-06-22,23,59,modeled,2026-06-22T21:27:29Z
2026-06-22,24,26,modeled,2026-06-22T21:27:29Z
2026-06-22,25,56,modeled,2026-06-22T21:27:29Z
2026-06-22,26,28,modeled,2026-06-22T21:27:29Z
2026-06-22,27,28,modeled,2026-06-22T21:27:29Z
2026-06-22,28,29,modeled,2026-06-22T21:27:29Z
2026-06-22,29,29,modeled,2026-06-22T21:27:29Z
2026-06-22,30,65,modeled,2026-06-22T21:27:29Z
2026-06-22,31,77,modeled,2026-06-22T21:27:29Z
2026-06-22,32,61,modeled,2026-06-22T21:27:29Z
2026-06-22,33,57,modeled,2026-06-22T21:27:29Z
2026-06-22,34,27,modeled,2026-06-22T21:27:29Z
2026-06-22,35,62,modeled,2026-06-22T21:27:29Z
2026-06-22,36,69,modeled,2026-06-22T21:27:29Z
2026-06-22,37,90,modeled,2026-06-22T21:27:29Z
2026-06-22,38,29,modeled,2026-06-22T21:27:29Z
2026-06-22,39,30,modeled,2026-06-22T21:27:29Z
2026-06-22,40,78,modeled,2026-06-22T21:27:29Z
2026-06-22,41,63,modeled,2026-06-22T21:27:29Z
2026-06-22,42,30,modeled,2026-06-22T21:27:29Z
2026-06-22,44,58,modeled,2026-06-22T21:27:29Z
2026-06-22,45,90,modeled,2026-06-22T21:27:29Z
2026-06-22,46,75,modeled,2026-06-22T21:27:29Z
2026-06-22,47,90,modeled,2026-06-22T21:27:29Z
2026-06-22,48,45,modeled,2026-06-22T21:27:29Z
2026-06-22,49,60,modeled,2026-06-22T21:27:29Z
2026-06-22,50,61,modeled,2026-06-22T21:27:29Z
2026-06-22,51,30,modeled,2026-06-22T21:27:29Z
2026-06-22,53,64,modeled,2026-06-22T21:27:29Z
2026-06-22,54,31,modeled,2026-06-22T21:27:29Z
2026-06-22,55,28,modeled,2026-06-22T21:27:29Z
2026-06-22,56,63,modeled,2026-06-22T21:27:29Z
2026-06-23,01,45,modeled,2026-06-23T18:27:39Z
2026-06-23,02,36,modeled,2026-06-23T18:27:39Z
2026-06-23,04,61,modeled,2026-06-23T18:27:39Z
2026-06-23,05,30,modeled,2026-06-23T18:27:39Z
2026-06-23,06,70,modeled,2026-06-23T18:27:39Z
2026-06-23,08,59,modeled,2026-06-23T18:27:39Z
2026-06-23,09,57,modeled,2026-06-23T18:27:39Z
2026-06-23,10,29,modeled,2026-06-23T18:27:39Z
2026-06-23,11,26,modeled,2026-06-23T18:27:39Z
2026-06-23,12,44,modeled,2026-06-23T18:27:39Z
2026-06-23,13,46,modeled,2026-06-23T18:27:39Z
2026-06-23,15,30,modeled,2026-06-23T18:27:39Z
2026-06-23,16,64,modeled,2026-06-23T18:27:39Z
2026-06-23,17,28,modeled,2026-06-23T18:27:39Z
2026-06-23,18,28,modeled,2026-06-23T18:27:39Z
2026-06-23,19,30,modeled,2026-06-23T18:27:39Z
2026-06-23,20,76,modeled,2026-06-23T18:27:39Z
2026-06-23,21,32,modeled,2026-06-23T18:27:39Z
2026-06-23,22,29,modeled,2026-06-23T18:27:39Z
2026-06-23,23,59,modeled,2026-06-23T18:27:39Z
2026-06-23,24,26,modeled,2026-06-23T18:27:39Z
2026-06-23,25,56,modeled,2026-06-23T18:27:39Z
2026-06-23,26,28,modeled,2026-06-23T18:27:39Z
2026-06-23,27,28,modeled,2026-06-23T18:27:39Z
2026-06-23,28,29,modeled,2026-06-23T18:27:39Z
2026-06-23,29,29,modeled,2026-06-23T18:27:39Z
2026-06-23,30,65,modeled,2026-06-23T18:27:39Z
2026-06-23,31,77,modeled,2026-06-23T18:27:39Z
2026-06-23,32,61,modeled,2026-06-23T18:27:39Z
2026-06-23,33,57,modeled,2026-06-23T18:27:39Z
2026-06-23,34,27,modeled,2026-06-23T18:27:39Z
2026-06-23,35,62,modeled,2026-06-23T18:27:39Z
2026-06-23,36,69,modeled,2026-06-23T18:27:39Z
2026-06-23,37,90,modeled,2026-06-23T18:27:39Z
2026-06-23,38,29,modeled,2026-06-23T18:27:39Z
2026-06-23,39,30,modeled,2026-06-23T18:27:39Z
2026-06-23,40,78,modeled,2026-06-23T18:27:39Z
2026-06-23,41,63,modeled,2026-06-23T18:27:39Z
2026-06-23,42,30,modeled,2026-06-23T18:27:39Z
2026-06-23,44,58,modeled,2026-06-23T18:27:39Z
2026-06-23,45,90,modeled,2026-06-23T18:27:39Z
2026-06-23,46,75,modeled,2026-06-23T18:27:39Z
2026-06-23,47,90,modeled,2026-06-23T18:27:39Z
2026-06-23,48,45,modeled,2026-06-23T18:27:39Z
2026-06-23,49,60,modeled,2026-06-23T18:27:39Z
2026-06-23,50,61,modeled,2026-06-23T18:27:39Z
2026-06-23,51,30,modeled,2026-06-23T18:27:39Z
2026-06-23,53,64,modeled,2026-06-23T18:27:39Z
2026-06-23,54,31,modeled,2026-06-23T18:27:39Z
2026-06-23,55,28,modeled,2026-06-23T18:27:39Z
2026-06-23,56,63,modeled,2026-06-23T18:27:39Z
2026-06-24,01,45,modeled,2026-06-24T18:19:44Z
2026-06-24,02,36,modeled,2026-06-24T18:19:44Z
2026-06-24,04,61,modeled,2026-06-24T18:19:44Z
2026-06-24,05,30,modeled,2026-06-24T18:19:44Z
2026-06-24,06,70,modeled,2026-06-24T18:19:44Z
2026-06-24,08,59,modeled,2026-06-24T18:19:44Z
2026-06-24,09,57,modeled,2026-06-24T18:19:44Z
2026-06-24,10,29,modeled,2026-06-24T18:19:44Z
2026-06-24,11,26,modeled,2026-06-24T18:19:44Z
2026-06-24,12,44,modeled,2026-06-24T18:19:44Z
2026-06-24,13,46,modeled,2026-06-24T18:19:44Z
2026-06-24,15,30,modeled,2026-06-24T18:19:44Z
2026-06-24,16,64,modeled,2026-06-24T18:19:44Z
2026-06-24,17,28,modeled,2026-06-24T18:19:44Z
2026-06-24,18,28,modeled,2026-06-24T18:19:44Z
2026-06-24,19,30,modeled,2026-06-24T18:19:44Z
2026-06-24,20,76,modeled,2026-06-24T18:19:44Z
2026-06-24,21,32,modeled,2026-06-24T18:19:44Z
2026-06-24,22,29,modeled,2026-06-24T18:19:44Z
2026-06-24,23,59,modeled,2026-06-24T18:19:44Z
2026-06-24,24,26,modeled,2026-06-24T18:19:44Z
2026-06-24,25,56,modeled,2026-06-24T18:19:44Z
2026-06-24,26,28,modeled,2026-06-24T18:19:44Z
2026-06-24,27,28,modeled,2026-06-24T18:19:44Z
2026-06-24,28,29,modeled,2026-06-24T18:19:44Z
2026-06-24,29,29,modeled,2026-06-24T18:19:44Z
2026-06-24,30,65,modeled,2026-06-24T18:19:44Z
2026-06-24,31,77,modeled,2026-06-24T18:19:44Z
2026-06-24,32,61,modeled,2026-06-24T18:19:44Z
2026-06-24,33,57,modeled,2026-06-24T18:19:44Z
2026-06-24,34,27,modeled,2026-06-24T18:19:44Z
2026-06-24,35,62,modeled,2026-06-24T18:19:44Z
2026-06-24,36,69,modeled,2026-06-24T18:19:44Z
2026-06-24,37,90,modeled,2026-06-24T18:19:44Z
2026-06-24,38,29,modeled,2026-06-24T18:19:44Z
2026-06-24,39,30,modeled,2026-06-24T18:19:44Z
2026-06-24,40,78,modeled,2026-06-24T18:19:44Z
2026-06-24,41,63,modeled,2026-06-24T18:19:44Z
2026-06-24,42,30,modeled,2026-06-24T18:19:44Z
2026-06-24,44,58,modeled,2026-06-24T18:19:44Z
2026-06-24,45,90,modeled,2026-06-24T18:19:44Z
2026-06-24,46,75,modeled,2026-06-24T18:19:44Z
2026-06-24,47,90,modeled,2026-06-24T18:19:44Z
2026-06-24,48,45,modeled,2026-06-24T18:19:44Z
2026-06-24,49,60,modeled,2026-06-24T18:19:44Z
2026-06-24,50,61,modeled,2026-06-24T18:19:44Z
2026-06-24,51,30,modeled,2026-06-24T18:19:44Z
2026-06-24,53,64,modeled,2026-06-24T18:19:44Z
2026-06-24,54,31,modeled,2026-06-24T18:19:44Z
2026-06-24,55,28,modeled,2026-06-24T18:19:44Z
2026-06-24,56,63,modeled,2026-06-24T18:19:44Z
2026-06-25,01,45,modeled,2026-06-25T13:37:58Z
2026-06-25,02,36,modeled,2026-06-25T13:37:58Z
2026-06-25,04,61,modeled,2026-06-25T13:37:58Z
2026-06-25,05,30,modeled,2026-06-25T13:37:58Z
2026-06-25,06,70,modeled,2026-06-25T13:37:58Z
2026-06-25,08,59,modeled,2026-06-25T13:37:58Z
2026-06-25,09,57,modeled,2026-06-25T13:37:58Z
2026-06-25,10,29,modeled,2026-06-25T13:37:58Z
2026-06-25,11,26,modeled,2026-06-25T13:37:58Z
2026-06-25,12,44,modeled,2026-06-25T13:37:58Z
2026-06-25,13,46,modeled,2026-06-25T13:37:58Z
2026-06-25,15,30,modeled,2026-06-25T13:37:58Z
2026-06-25,16,64,modeled,2026-06-25T13:37:58Z
2026-06-25,17,28,modeled,2026-06-25T13:37:58Z
2026-06-25,18,28,modeled,2026-06-25T13:37:58Z
2026-06-25,19,30,modeled,2026-06-25T13:37:58Z
2026-06-25,20,76,modeled,2026-06-25T13:37:58Z
2026-06-25,21,32,modeled,2026-06-25T13:37:58Z
2026-06-25,22,29,modeled,2026-06-25T13:37:58Z
2026-06-25,23,59,modeled,2026-06-25T13:37:58Z
2026-06-25,24,26,modeled,2026-06-25T13:37:58Z
2026-06-25,25,56,modeled,2026-06-25T13:37:58Z
2026-06-25,26,28,modeled,2026-06-25T13:37:58Z
2026-06-25,27,28,modeled,2026-06-25T13:37:58Z
2026-06-25,28,29,modeled,2026-06-25T13:37:58Z
2026-06-25,29,29,modeled,2026-06-25T13:37:58Z
2026-06-25,30,65,modeled,2026-06-25T13:37:58Z
2026-06-25,31,77,modeled,2026-06-25T13:37:58Z
2026-06-25,32,61,modeled,2026-06-25T13:37:58Z
2026-06-25,33,57,modeled,2026-06-25T13:37:58Z
2026-06-25,34,27,modeled,2026-06-25T13:37:58Z
2026-06-25,35,62,modeled,2026-06-25T13:37:58Z
2026-06-25,36,69,modeled,2026-06-25T13:37:58Z
2026-06-25,37,90,modeled,2026-06-25T13:37:58Z
2026-06-25,38,29,modeled,2026-06-25T13:37:58Z
2026-06-25,39,30,modeled,2026-06-25T13:37:58Z
2026-06-25,40,78,modeled,2026-06-25T13:37:58Z
2026-06-25,41,63,modeled,2026-06-25T13:37:58Z
2026-06-25,42,30,modeled,2026-06-25T13:37:58Z
2026-06-25,44,58,modeled,2026-06-25T13:37:58Z
2026-06-25,45,90,modeled,2026-06-25T13:37:58Z
2026-06-25,46,75,modeled,2026-06-25T13:37:58Z
2026-06-25,47,90,modeled,2026-06-25T13:37:58Z
2026-06-25,48,45,modeled,2026-06-25T13:37:58Z
2026-06-25,49,60,modeled,2026-06-25T13:37:58Z
2026-06-25,50,61,modeled,2026-06-25T13:37:58Z
2026-06-25,51,30,modeled,2026-06-25T13:37:58Z
2026-06-25,53,64,modeled,2026-06-25T13:37:58Z
2026-06-25,54,31,modeled,2026-06-25T13:37:58Z
2026-06-25,55,28,modeled,2026-06-25T13:37:58Z
2026-06-25,56,63,modeled,2026-06-25T13:37:58Z
2026-06-26,01,45,modeled,2026-06-26T13:32:04Z
2026-06-26,02,39,modeled,2026-06-26T13:32:04Z
2026-06-26,04,61,modeled,2026-06-26T13:32:04Z
2026-06-26,05,30,modeled,2026-06-26T13:32:04Z
2026-06-26,06,72,modeled,2026-06-26T13:32:04Z
2026-06-26,08,60,modeled,2026-06-26T13:32:04Z
2026-06-26,09,59,modeled,2026-06-26T13:32:04Z
2026-06-26,10,31,modeled,2026-06-26T13:32:04Z
2026-06-26,11,22,modeled,2026-06-26T13:32:04Z
2026-06-26,12,44,modeled,2026-06-26T13:32:04Z
2026-06-26,13,46,modeled,2026-06-26T13:32:04Z
2026-06-26,15,30,modeled,2026-06-26T13:32:04Z
2026-06-26,16,64,modeled,2026-06-26T13:32:04Z
2026-06-26,17,28,modeled,2026-06-26T13:32:04Z
2026-06-26,18,28,modeled,2026-06-26T13:32:04Z
2026-06-26,19,30,modeled,2026-06-26T13:32:04Z
2026-06-26,20,77,modeled,2026-06-26T13:32:04Z
2026-06-26,21,32,modeled,2026-06-26T13:32:04Z
2026-06-26,22,29,modeled,2026-06-26T13:32:04Z
2026-06-26,23,61,modeled,2026-06-26T13:32:04Z
2026-06-26,24,27,modeled,2026-06-26T13:32:04Z
2026-06-26,25,58,modeled,2026-06-26T13:32:04Z
2026-06-26,26,28,modeled,2026-06-26T13:32:04Z
2026-06-26,27,28,modeled,2026-06-26T13:32:04Z
2026-06-26,28,29,modeled,2026-06-26T13:32:04Z
2026-06-26,29,29,modeled,2026-06-26T13:32:04Z
2026-06-26,30,65,modeled,2026-06-26T13:32:04Z
2026-06-26,31,76,modeled,2026-06-26T13:32:04Z
2026-06-26,32,61,modeled,2026-06-26T13:32:04Z
2026-06-26,33,59,modeled,2026-06-26T13:32:04Z
2026-06-26,34,27,modeled,2026-06-26T13:32:04Z
2026-06-26,35,62,modeled,2026-06-26T13:32:04Z
2026-06-26,36,69,modeled,2026-06-26T13:32:04Z
2026-06-26,37,90,modeled,2026-06-26T13:32:04Z
2026-06-26,38,29,modeled,2026-06-26T13:32:04Z
2026-06-26,39,30,modeled,2026-06-26T13:32:04Z
2026-06-26,40,78,modeled,2026-06-26T13:32:04Z
2026-06-26,41,63,modeled,2026-06-26T13:32:04Z
2026-06-26,42,31,modeled,2026-06-26T13:32:04Z
2026-06-26,44,57,modeled,2026-06-26T13:32:04Z
2026-06-26,45,90,modeled,2026-06-26T13:32:04Z
2026-06-26,46,76,modeled,2026-06-26T13:32:04Z
2026-06-26,47,90,modeled,2026-06-26T13:32:04Z
2026-06-26,48,45,modeled,2026-06-26T13:32:04Z
2026-06-26,49,60,modeled,2026-06-26T13:32:04Z
2026-06-26,50,63,modeled,2026-06-26T13:32:04Z
2026-06-26,51,31,modeled,2026-06-26T13:32:04Z
2026-06-26,53,64,modeled,2026-06-26T13:32:04Z
2026-06-26,54,31,modeled,2026-06-26T13:32:04Z
2026-06-26,55,28,modeled,2026-06-26T13:32:04Z
2026-06-26,56,63,modeled,2026-06-26T13:32:04Z
2026-06-27,01,45,modeled,2026-06-27T12:53:25Z
2026-06-27,02,39,modeled,2026-06-27T12:53:25Z
2026-06-27,04,61,modeled,2026-06-27T12:53:25Z
2026-06-27,05,30,modeled,2026-06-27T12:53:25Z
2026-06-27,06,72,modeled,2026-06-27T12:53:25Z
2026-06-27,08,60,modeled,2026-06-27T12:53:25Z
2026-06-27,09,59,modeled,2026-06-27T12:53:25Z
2026-06-27,10,31,modeled,2026-06-27T12:53:25Z
2026-06-27,11,22,modeled,2026-06-27T12:53:25Z
2026-06-27,12,44,modeled,2026-06-27T12:53:25Z
2026-06-27,13,46,modeled,2026-06-27T12:53:25Z
2026-06-27,15,30,modeled,2026-06-27T12:53:25Z
2026-06-27,16,64,modeled,2026-06-27T12:53:25Z
2026-06-27,17,28,modeled,2026-06-27T12:53:25Z
2026-06-27,18,28,modeled,2026-06-27T12:53:25Z
2026-06-27,19,30,modeled,2026-06-27T12:53:25Z
2026-06-27,20,77,modeled,2026-06-27T12:53:25Z
2026-06-27,21,32,modeled,2026-06-27T12:53:25Z
2026-06-27,22,29,modeled,2026-06-27T12:53:25Z
2026-06-27,23,61,modeled,2026-06-27T12:53:25Z
2026-06-27,24,27,modeled,2026-06-27T12:53:25Z
2026-06-27,25,58,modeled,2026-06-27T12:53:25Z
2026-06-27,26,28,modeled,2026-06-27T12:53:25Z
2026-06-27,27,28,modeled,2026-06-27T12:53:25Z
2026-06-27,28,29,modeled,2026-06-27T12:53:25Z
2026-06-27,29,29,modeled,2026-06-27T12:53:25Z
2026-06-27,30,65,modeled,2026-06-27T12:53:25Z
2026-06-27,31,76,modeled,2026-06-27T12:53:25Z
2026-06-27,32,61,modeled,2026-06-27T12:53:25Z
2026-06-27,33,59,modeled,2026-06-27T12:53:25Z
2026-06-27,34,27,modeled,2026-06-27T12:53:25Z
2026-06-27,35,62,modeled,2026-06-27T12:53:25Z
2026-06-27,36,69,modeled,2026-06-27T12:53:25Z
2026-06-27,37,90,modeled,2026-06-27T12:53:25Z
2026-06-27,38,29,modeled,2026-06-27T12:53:25Z
2026-06-27,39,30,modeled,2026-06-27T12:53:25Z
2026-06-27,40,78,modeled,2026-06-27T12:53:25Z
2026-06-27,41,63,modeled,2026-06-27T12:53:25Z
2026-06-27,42,31,modeled,2026-06-27T12:53:25Z
2026-06-27,44,57,modeled,2026-06-27T12:53:25Z
2026-06-27,45,90,modeled,2026-06-27T12:53:25Z
2026-06-27,46,76,modeled,2026-06-27T12:53:25Z
2026-06-27,47,90,modeled,2026-06-27T12:53:25Z
2026-06-27,48,45,modeled,2026-06-27T12:53:25Z
2026-06-27,49,60,modeled,2026-06-27T12:53:25Z
2026-06-27,50,63,modeled,2026-06-27T12:53:25Z
2026-06-27,51,31,modeled,2026-06-27T12:53:25Z
2026-06-27,53,64,modeled,2026-06-27T12:53:25Z
2026-06-27,54,31,modeled,2026-06-27T12:53:25Z
2026-06-27,55,28,modeled,2026-06-27T12:53:25Z
2026-06-27,56,63,modeled,2026-06-27T12:53:25Z
2026-06-28,01,45,modeled,2026-06-28T12:58:54Z
2026-06-28,02,39,modeled,2026-06-28T12:58:54Z
2026-06-28,04,61,modeled,2026-06-28T12:58:54Z
2026-06-28,05,30,modeled,2026-06-28T12:58:54Z
2026-06-28,06,72,modeled,2026-06-28T12:58:54Z
2026-06-28,08,60,modeled,2026-06-28T12:58:54Z
2026-06-28,09,59,modeled,2026-06-28T12:58:54Z
2026-06-28,10,31,modeled,2026-06-28T12:58:54Z
2026-06-28,11,22,modeled,2026-06-28T12:58:54Z
2026-06-28,12,44,modeled,2026-06-28T12:58:54Z
2026-06-28,13,46,modeled,2026-06-28T12:58:54Z
2026-06-28,15,30,modeled,2026-06-28T12:58:54Z
2026-06-28,16,64,modeled,2026-06-28T12:58:54Z
2026-06-28,17,28,modeled,2026-06-28T12:58:54Z
2026-06-28,18,28,modeled,2026-06-28T12:58:54Z
2026-06-28,19,30,modeled,2026-06-28T12:58:54Z
2026-06-28,20,77,modeled,2026-06-28T12:58:54Z
2026-06-28,21,32,modeled,2026-06-28T12:58:54Z
2026-06-28,22,29,modeled,2026-06-28T12:58:54Z
2026-06-28,23,61,modeled,2026-06-28T12:58:54Z
2026-06-28,24,27,modeled,2026-06-28T12:58:54Z
2026-06-28,25,58,modeled,2026-06-28T12:58:54Z
2026-06-28,26,28,modeled,2026-06-28T12:58:54Z
2026-06-28,27,28,modeled,2026-06-28T12:58:54Z
2026-06-28,28,29,modeled,2026-06-28T12:58:54Z
2026-06-28,29,29,modeled,2026-06-28T12:58:54Z
2026-06-28,30,65,modeled,2026-06-28T12:58:54Z
2026-06-28,31,76,modeled,2026-06-28T12:58:54Z
2026-06-28,32,61,modeled,2026-06-28T12:58:54Z
2026-06-28,33,59,modeled,2026-06-28T12:58:54Z
2026-06-28,34,27,modeled,2026-06-28T12:58:54Z
2026-06-28,35,62,modeled,2026-06-28T12:58:54Z
2026-06-28,36,69,modeled,2026-06-28T12:58:54Z
2026-06-28,37,90,modeled,2026-06-28T12:58:54Z
2026-06-28,38,29,modeled,2026-06-28T12:58:54Z
2026-06-28,39,30,modeled,2026-06-28T12:58:54Z
2026-06-28,40,78,modeled,2026-06-28T12:58:54Z
2026-06-28,41,63,modeled,2026-06-28T12:58:54Z
2026-06-28,42,31,modeled,2026-06-28T12:58:54Z
2026-06-28,44,57,modeled,2026-06-28T12:58:54Z
2026-06-28,45,90,modeled,2026-06-28T12:58:54Z
2026-06-28,46,76,modeled,2026-06-28T12:58:54Z
2026-06-28,47,90,modeled,2026-06-28T12:58:54Z
2026-06-28,48,45,modeled,2026-06-28T12:58:54Z
2026-06-28,49,60,modeled,2026-06-28T12:58:54Z
2026-06-28,50,63,modeled,2026-06-28T12:58:54Z
2026-06-28,51,31,modeled,2026-06-28T12:58:54Z
2026-06-28,53,64,modeled,2026-06-28T12:58:54Z
2026-06-28,54,31,modeled,2026-06-28T12:58:54Z
2026-06-28,55,28,modeled,2026-06-28T12:58:54Z
2026-06-28,56,63,modeled,2026-06-28T12:58:54Z
2026-07-02,01,47,modeled,2026-07-02T13:19:27Z
2026-07-02,02,38,modeled,2026-07-02T13:19:27Z
2026-07-02,04,61,modeled,2026-07-02T13:19:27Z
2026-07-02,05,26,modeled,2026-07-02T13:19:27Z
2026-07-02,06,74,modeled,2026-07-02T13:19:27Z
2026-07-02,08,59,modeled,2026-07-02T13:19:27Z
2026-07-02,09,57,modeled,2026-07-02T13:19:27Z
2026-07-02,10,25,modeled,2026-07-02T13:19:27Z
2026-07-02,11,16,modeled,2026-07-02T13:19:27Z
2026-07-02,12,46,modeled,2026-07-02T13:19:27Z
2026-07-02,13,48,modeled,2026-07-02T13:19:27Z
2026-07-02,15,29,modeled,2026-07-02T13:19:27Z
2026-07-02,16,64,modeled,2026-07-02T13:19:27Z
2026-07-02,17,23,modeled,2026-07-02T13:19:27Z
2026-07-02,18,24,modeled,2026-07-02T13:19:27Z
2026-07-02,19,26,modeled,2026-07-02T13:19:27Z
2026-07-02,20,76,modeled,2026-07-02T13:19:27Z
2026-07-02,21,27,modeled,2026-07-02T13:19:27Z
2026-07-02,22,25,modeled,2026-07-02T13:19:27Z
2026-07-02,23,59,modeled,2026-07-02T13:19:27Z
2026-07-02,24,22,modeled,2026-07-02T13:19:27Z
2026-07-02,25,57,modeled,2026-07-02T13:19:27Z
2026-07-02,26,24,modeled,2026-07-02T13:19:27Z
2026-07-02,27,23,modeled,2026-07-02T13:19:27Z
2026-07-02,28,25,modeled,2026-07-02T13:19:27Z
2026-07-02,29,24,modeled,2026-07-02T13:19:27Z
2026-07-02,30,64,modeled,2026-07-02T13:19:27Z
2026-07-02,31,76,modeled,2026-07-02T13:19:27Z
2026-07-02,32,61,modeled,2026-07-02T13:19:27Z
2026-07-02,33,58,modeled,2026-07-02T13:19:27Z
2026-07-02,34,21,modeled,2026-07-02T13:19:27Z
2026-07-02,35,62,modeled,2026-07-02T13:19:27Z
2026-07-02,36,67,modeled,2026-07-02T13:19:27Z
2026-07-02,37,90,modeled,2026-07-02T13:19:27Z
2026-07-02,38,24,modeled,2026-07-02T13:19:27Z
2026-07-02,39,25,modeled,2026-07-02T13:19:27Z
2026-07-02,40,77,modeled,2026-07-02T13:19:27Z
2026-07-02,41,63,modeled,2026-07-02T13:19:27Z
2026-07-02,42,25,modeled,2026-07-02T13:19:27Z
2026-07-02,44,55,modeled,2026-07-02T13:19:27Z
2026-07-02,45,90,modeled,2026-07-02T13:19:27Z
2026-07-02,46,75,modeled,2026-07-02T13:19:27Z
2026-07-02,47,90,modeled,2026-07-02T13:19:27Z
2026-07-02,48,49,modeled,2026-07-02T13:19:27Z
2026-07-02,49,60,modeled,2026-07-02T13:19:27Z
2026-07-02,50,61,modeled,2026-07-02T13:19:27Z
2026-07-02,51,25,modeled,2026-07-02T13:19:27Z
2026-07-02,53,64,modeled,2026-07-02T13:19:27Z
2026-07-02,54,25,modeled,2026-07-02T13:19:27Z
2026-07-02,55,24,modeled,2026-07-02T13:19:27Z
2026-07-02,56,63,modeled,2026-07-02T13:19:27Z
2026-07-03,01,47,modeled,2026-07-03T13:21:12Z
2026-07-03,02,36,modeled,2026-07-03T13:21:12Z
2026-07-03,04,59,modeled,2026-07-03T13:21:12Z
2026-07-03,05,26,modeled,2026-07-03T13:21:12Z
2026-07-03,06,75,modeled,2026-07-03T13:21:12Z
2026-07-03,08,57,modeled,2026-07-03T13:21:12Z
2026-07-03,09,52,modeled,2026-07-03T13:21:12Z
2026-07-03,10,25,modeled,2026-07-03T13:21:12Z
2026-07-03,11,16,modeled,2026-07-03T13:21:12Z
2026-07-03,12,46,modeled,2026-07-03T13:21:12Z
2026-07-03,13,48,modeled,2026-07-03T13:21:12Z
2026-07-03,15,27,modeled,2026-07-03T13:21:12Z
2026-07-03,16,61,modeled,2026-07-03T13:21:12Z
2026-07-03,17,24,modeled,2026-07-03T13:21:12Z
2026-07-03,18,24,modeled,2026-07-03T13:21:12Z
2026-07-03,19,26,modeled,2026-07-03T13:21:12Z
2026-07-03,20,76,modeled,2026-07-03T13:21:12Z
2026-07-03,21,27,modeled,2026-07-03T13:21:12Z
2026-07-03,22,25,modeled,2026-07-03T13:21:12Z
2026-07-03,23,54,modeled,2026-07-03T13:21:12Z
2026-07-03,24,22,modeled,2026-07-03T13:21:12Z
2026-07-03,25,52,modeled,2026-07-03T13:21:12Z
2026-07-03,26,24,modeled,2026-07-03T13:21:12Z
2026-07-03,27,24,modeled,2026-07-03T13:21:12Z
2026-07-03,28,25,modeled,2026-07-03T13:21:12Z
2026-07-03,29,25,modeled,2026-07-03T13:21:12Z
2026-07-03,30,62,modeled,2026-07-03T13:21:12Z
2026-07-03,31,76,modeled,2026-07-03T13:21:12Z
2026-07-03,32,58,modeled,2026-07-03T13:21:12Z
2026-07-03,33,53,modeled,2026-07-03T13:21:12Z
2026-07-03,34,21,modeled,2026-07-03T13:21:12Z
2026-07-03,35,59,modeled,2026-07-03T13:21:12Z
2026-07-03,36,64,modeled,2026-07-03T13:21:12Z
2026-07-03,37,90,modeled,2026-07-03T13:21:12Z
2026-07-03,38,25,modeled,2026-07-03T13:21:12Z
2026-07-03,39,25,modeled,2026-07-03T13:21:12Z
2026-07-03,40,78,modeled,2026-07-03T13:21:12Z
2026-07-03,41,61,modeled,2026-07-03T13:21:12Z
2026-07-03,42,25,modeled,2026-07-03T13:21:12Z
2026-07-03,44,50,modeled,2026-07-03T13:21:12Z
2026-07-03,45,90,modeled,2026-07-03T13:21:12Z
2026-07-03,46,75,modeled,2026-07-03T13:21:12Z
2026-07-03,47,90,modeled,2026-07-03T13:21:12Z
2026-07-03,48,49,modeled,2026-07-03T13:21:12Z
2026-07-03,49,58,modeled,2026-07-03T13:21:12Z
2026-07-03,50,56,modeled,2026-07-03T13:21:12Z
2026-07-03,51,25,modeled,2026-07-03T13:21:12Z
2026-07-03,53,61,modeled,2026-07-03T13:21:12Z
2026-07-03,54,25,modeled,2026-07-03T13:21:12Z
2026-07-03,55,24,modeled,2026-07-03T13:21:12Z
2026-07-03,56,60,modeled,2026-07-03T13:21:12Z
2026-07-04,01,47,modeled,2026-07-04T12:46:11Z
2026-07-04,02,36,modeled,2026-07-04T12:46:11Z
2026-07-04,04,59,modeled,2026-07-04T12:46:11Z
2026-07-04,05,26,modeled,2026-07-04T12:46:11Z
2026-07-04,06,75,modeled,2026-07-04T12:46:11Z
2026-07-04,08,57,modeled,2026-07-04T12:46:11Z
2026-07-04,09,52,modeled,2026-07-04T12:46:11Z
2026-07-04,10,25,modeled,2026-07-04T12:46:11Z
2026-07-04,11,16,modeled,2026-07-04T12:46:11Z
2026-07-04,12,46,modeled,2026-07-04T12:46:11Z
2026-07-04,13,48,modeled,2026-07-04T12:46:11Z
2026-07-04,15,27,modeled,2026-07-04T12:46:11Z
2026-07-04,16,61,modeled,2026-07-04T12:46:11Z
2026-07-04,17,24,modeled,2026-07-04T12:46:11Z
2026-07-04,18,24,modeled,2026-07-04T12:46:11Z
2026-07-04,19,26,modeled,2026-07-04T12:46:11Z
2026-07-04,20,76,modeled,2026-07-04T12:46:11Z
2026-07-04,21,27,modeled,2026-07-04T12:46:11Z
2026-07-04,22,25,modeled,2026-07-04T12:46:11Z
2026-07-04,23,54,modeled,2026-07-04T12:46:11Z
2026-07-04,24,22,modeled,2026-07-04T12:46:11Z
2026-07-04,25,52,modeled,2026-07-04T12:46:11Z
2026-07-04,26,24,modeled,2026-07-04T12:46:11Z
2026-07-04,27,24,modeled,2026-07-04T12:46:11Z
2026-07-04,28,25,modeled,2026-07-04T12:46:11Z
2026-07-04,29,25,modeled,2026-07-04T12:46:11Z
2026-07-04,30,62,modeled,2026-07-04T12:46:11Z
2026-07-04,31,76,modeled,2026-07-04T12:46:11Z
2026-07-04,32,58,modeled,2026-07-04T12:46:11Z
2026-07-04,33,53,modeled,2026-07-04T12:46:11Z
2026-07-04,34,21,modeled,2026-07-04T12:46:11Z
2026-07-04,35,59,modeled,2026-07-04T12:46:11Z
2026-07-04,36,64,modeled,2026-07-04T12:46:11Z
2026-07-04,37,90,modeled,2026-07-04T12:46:11Z
2026-07-04,38,25,modeled,2026-07-04T12:46:11Z
2026-07-04,39,25,modeled,2026-07-04T12:46:11Z
2026-07-04,40,78,modeled,2026-07-04T12:46:11Z
2026-07-04,41,61,modeled,2026-07-04T12:46:11Z
2026-07-04,42,25,modeled,2026-07-04T12:46:11Z
2026-07-04,44,50,modeled,2026-07-04T12:46:11Z
2026-07-04,45,90,modeled,2026-07-04T12:46:11Z
2026-07-04,46,75,modeled,2026-07-04T12:46:11Z
2026-07-04,47,90,modeled,2026-07-04T12:46:11Z
2026-07-04,48,49,modeled,2026-07-04T12:46:11Z
2026-07-04,49,58,modeled,2026-07-04T12:46:11Z
2026-07-04,50,56,modeled,2026-07-04T12:46:11Z
2026-07-04,51,25,modeled,2026-07-04T12:46:11Z
2026-07-04,53,61,modeled,2026-07-04T12:46:11Z
2026-07-04,54,25,modeled,2026-07-04T12:46:11Z
2026-07-04,55,24,modeled,2026-07-04T12:46:11Z
2026-07-04,56,60,modeled,2026-07-04T12:46:11Z
2026-07-05,01,47,modeled,2026-07-05T12:49:52Z
2026-07-05,02,36,modeled,2026-07-05T12:49:52Z
2026-07-05,04,59,modeled,2026-07-05T12:49:52Z
2026-07-05,05,26,modeled,2026-07-05T12:49:52Z
2026-07-05,06,78,modeled,2026-07-05T12:49:52Z
2026-07-05,08,57,modeled,2026-07-05T12:49:52Z
2026-07-05,09,52,modeled,2026-07-05T12:49:52Z
2026-07-05,10,25,modeled,2026-07-05T12:49:52Z
2026-07-05,11,16,modeled,2026-07-05T12:49:52Z
2026-07-05,12,46,modeled,2026-07-05T12:49:52Z
2026-07-05,13,48,modeled,2026-07-05T12:49:52Z
2026-07-05,15,27,modeled,2026-07-05T12:49:52Z
2026-07-05,16,61,modeled,2026-07-05T12:49:52Z
2026-07-05,17,24,modeled,2026-07-05T12:49:52Z
2026-07-05,18,24,modeled,2026-07-05T12:49:52Z
2026-07-05,19,26,modeled,2026-07-05T12:49:52Z
2026-07-05,20,76,modeled,2026-07-05T12:49:52Z
2026-07-05,21,27,modeled,2026-07-05T12:49:52Z
2026-07-05,22,25,modeled,2026-07-05T12:49:52Z
2026-07-05,23,54,modeled,2026-07-05T12:49:52Z
2026-07-05,24,22,modeled,2026-07-05T12:49:52Z
2026-07-05,25,52,modeled,2026-07-05T12:49:52Z
2026-07-05,26,24,modeled,2026-07-05T12:49:52Z
2026-07-05,27,24,modeled,2026-07-05T12:49:52Z
2026-07-05,28,25,modeled,2026-07-05T12:49:52Z
2026-07-05,29,25,modeled,2026-07-05T12:49:52Z
2026-07-05,30,62,modeled,2026-07-05T12:49:52Z
2026-07-05,31,76,modeled,2026-07-05T12:49:52Z
2026-07-05,32,58,modeled,2026-07-05T12:49:52Z
2026-07-05,33,53,modeled,2026-07-05T12:49:52Z
2026-07-05,34,21,modeled,2026-07-05T12:49:52Z
2026-07-05,35,59,modeled,2026-07-05T12:49:52Z
2026-07-05,36,64,modeled,2026-07-05T12:49:52Z
2026-07-05,37,90,modeled,2026-07-05T12:49:52Z
2026-07-05,38,25,modeled,2026-07-05T12:49:52Z
2026-07-05,39,25,modeled,2026-07-05T12:49:52Z
2026-07-05,40,78,modeled,2026-07-05T12:49:52Z
2026-07-05,41,61,modeled,2026-07-05T12:49:52Z
2026-07-05,42,25,modeled,2026-07-05T12:49:52Z
2026-07-05,44,50,modeled,2026-07-05T12:49:52Z
2026-07-05,45,90,modeled,2026-07-05T12:49:52Z
2026-07-05,46,75,modeled,2026-07-05T12:49:52Z
2026-07-05,47,90,modeled,2026-07-05T12:49:52Z
2026-07-05,48,49,modeled,2026-07-05T12:49:52Z
2026-07-05,49,58,modeled,2026-07-05T12:49:52Z
2026-07-05,50,56,modeled,2026-07-05T12:49:52Z
2026-07-05,51,25,modeled,2026-07-05T12:49:52Z
2026-07-05,53,61,modeled,2026-07-05T12:49:52Z
2026-07-05,54,25,modeled,2026-07-05T12:49:52Z
2026-07-05,55,24,modeled,2026-07-05T12:49:52Z
2026-07-05,56,60,modeled,2026-07-05T12:49:52Z
2026-07-06,01,47,modeled,2026-07-06T14:43:24Z
2026-07-06,02,36,modeled,2026-07-06T14:43:24Z
2026-07-06,04,59,modeled,2026-07-06T14:43:24Z
2026-07-06,05,26,modeled,2026-07-06T14:43:24Z
2026-07-06,06,78,modeled,2026-07-06T14:43:24Z
2026-07-06,08,57,modeled,2026-07-06T14:43:24Z
2026-07-06,09,52,modeled,2026-07-06T14:43:24Z
2026-07-06,10,25,modeled,2026-07-06T14:43:24Z
2026-07-06,11,16,modeled,2026-07-06T14:43:24Z
2026-07-06,12,46,modeled,2026-07-06T14:43:24Z
2026-07-06,13,48,modeled,2026-07-06T14:43:24Z
2026-07-06,15,27,modeled,2026-07-06T14:43:24Z
2026-07-06,16,61,modeled,2026-07-06T14:43:24Z
2026-07-06,17,24,modeled,2026-07-06T14:43:24Z
2026-07-06,18,24,modeled,2026-07-06T14:43:24Z
2026-07-06,19,26,modeled,2026-07-06T14:43:24Z
2026-07-06,20,76,modeled,2026-07-06T14:43:24Z
2026-07-06,21,27,modeled,2026-07-06T14:43:24Z
2026-07-06,22,25,modeled,2026-07-06T14:43:24Z
2026-07-06,23,54,modeled,2026-07-06T14:43:24Z
2026-07-06,24,22,modeled,2026-07-06T14:43:24Z
2026-07-06,25,52,modeled,2026-07-06T14:43:24Z
2026-07-06,26,24,modeled,2026-07-06T14:43:24Z
2026-07-06,27,24,modeled,2026-07-06T14:43:24Z
2026-07-06,28,25,modeled,2026-07-06T14:43:24Z
2026-07-06,29,25,modeled,2026-07-06T14:43:24Z
2026-07-06,30,62,modeled,2026-07-06T14:43:24Z
2026-07-06,31,76,modeled,2026-07-06T14:43:24Z
2026-07-06,32,58,modeled,2026-07-06T14:43:24Z
2026-07-06,33,53,modeled,2026-07-06T14:43:24Z
2026-07-06,34,21,modeled,2026-07-06T14:43:24Z
2026-07-06,35,59,modeled,2026-07-06T14:43:24Z
2026-07-06,36,64,modeled,2026-07-06T14:43:24Z
2026-07-06,37,90,modeled,2026-07-06T14:43:24Z
2026-07-06,38,25,modeled,2026-07-06T14:43:24Z
2026-07-06,39,25,modeled,2026-07-06T14:43:24Z
2026-07-06,40,78,modeled,2026-07-06T14:43:24Z
2026-07-06,41,61,modeled,2026-07-06T14:43:24Z
2026-07-06,42,25,modeled,2026-07-06T14:43:24Z
2026-07-06,44,50,modeled,2026-07-06T14:43:24Z
2026-07-06,45,90,modeled,2026-07-06T14:43:24Z
2026-07-06,46,75,modeled,2026-07-06T14:43:24Z
2026-07-06,47,90,modeled,2026-07-06T14:43:24Z
2026-07-06,48,49,modeled,2026-07-06T14:43:24Z
2026-07-06,49,58,modeled,2026-07-06T14:43:24Z
2026-07-06,50,56,modeled,2026-07-06T14:43:24Z
2026-07-06,51,25,modeled,2026-07-06T14:43:24Z
2026-07-06,53,61,modeled,2026-07-06T14:43:24Z
2026-07-06,54,25,modeled,2026-07-06T14:43:24Z
2026-07-06,55,24,modeled,2026-07-06T14:43:24Z
2026-07-06,56,60,modeled,2026-07-06T14:43:24Z
2026-07-07,01,47,modeled,2026-07-07T13:37:25Z
2026-07-07,02,36,modeled,2026-07-07T13:37:25Z
2026-07-07,04,59,modeled,2026-07-07T13:37:25Z
2026-07-07,05,26,modeled,2026-07-07T13:37:25Z
2026-07-07,06,78,modeled,2026-07-07T13:37:25Z
2026-07-07,08,57,modeled,2026-07-07T13:37:25Z
2026-07-07,09,52,modeled,2026-07-07T13:37:25Z
2026-07-07,10,25,modeled,2026-07-07T13:37:25Z
2026-07-07,11,16,modeled,2026-07-07T13:37:25Z
2026-07-07,12,46,modeled,2026-07-07T13:37:25Z
2026-07-07,13,48,modeled,2026-07-07T13:37:25Z
2026-07-07,15,27,modeled,2026-07-07T13:37:25Z
2026-07-07,16,61,modeled,2026-07-07T13:37:25Z
2026-07-07,17,24,modeled,2026-07-07T13:37:25Z
2026-07-07,18,24,modeled,2026-07-07T13:37:25Z
2026-07-07,19,26,modeled,2026-07-07T13:37:25Z
2026-07-07,20,76,modeled,2026-07-07T13:37:25Z
2026-07-07,21,27,modeled,2026-07-07T13:37:25Z
2026-07-07,22,25,modeled,2026-07-07T13:37:25Z
2026-07-07,23,54,modeled,2026-07-07T13:37:25Z
2026-07-07,24,22,modeled,2026-07-07T13:37:25Z
2026-07-07,25,52,modeled,2026-07-07T13:37:25Z
2026-07-07,26,24,modeled,2026-07-07T13:37:25Z
2026-07-07,27,24,modeled,2026-07-07T13:37:25Z
2026-07-07,28,25,modeled,2026-07-07T13:37:25Z
2026-07-07,29,25,modeled,2026-07-07T13:37:25Z
2026-07-07,30,62,modeled,2026-07-07T13:37:25Z
2026-07-07,31,76,modeled,2026-07-07T13:37:25Z
2026-07-07,32,58,modeled,2026-07-07T13:37:25Z
2026-07-07,33,53,modeled,2026-07-07T13:37:25Z
2026-07-07,34,21,modeled,2026-07-07T13:37:25Z
2026-07-07,35,59,modeled,2026-07-07T13:37:25Z
2026-07-07,36,64,modeled,2026-07-07T13:37:25Z
2026-07-07,37,90,modeled,2026-07-07T13:37:25Z
2026-07-07,38,25,modeled,2026-07-07T13:37:25Z
2026-07-07,39,25,modeled,2026-07-07T13:37:25Z
2026-07-07,40,78,modeled,2026-07-07T13:37:25Z
2026-07-07,41,61,modeled,2026-07-07T13:37:25Z
2026-07-07,42,25,modeled,2026-07-07T13:37:25Z
2026-07-07,44,50,modeled,2026-07-07T13:37:25Z
2026-07-07,45,90,modeled,2026-07-07T13:37:25Z
2026-07-07,46,75,modeled,2026-07-07T13:37:25Z
2026-07-07,47,90,modeled,2026-07-07T13:37:25Z
2026-07-07,48,49,modeled,2026-07-07T13:37:25Z
2026-07-07,49,58,modeled,2026-07-07T13:37:25Z
2026-07-07,50,56,modeled,2026-07-07T13:37:25Z
2026-07-07,51,25,modeled,2026-07-07T13:37:25Z
2026-07-07,53,61,modeled,2026-07-07T13:37:25Z
2026-07-07,54,25,modeled,2026-07-07T13:37:25Z
2026-07-07,55,24,modeled,2026-07-07T13:37:25Z
2026-07-07,56,60,modeled,2026-07-07T13:37:25Z
2026-07-08,01,46,modeled,2026-07-08T13:09:08Z
2026-07-08,02,36,modeled,2026-07-08T13:09:08Z
2026-07-08,04,58,modeled,2026-07-08T13:09:08Z
2026-07-08,05,26,modeled,2026-07-08T13:09:08Z
2026-07-08,06,78,modeled,2026-07-08T13:09:08Z
2026-07-08,08,57,modeled,2026-07-08T13:09:08Z
2026-07-08,09,52,modeled,2026-07-08T13:09:08Z
2026-07-08,10,25,modeled,2026-07-08T13:09:08Z
2026-07-08,11,16,modeled,2026-07-08T13:09:08Z
2026-07-08,12,45,modeled,2026-07-08T13:09:08Z
2026-07-08,13,46,modeled,2026-07-08T13:09:08Z
2026-07-08,15,27,modeled,2026-07-08T13:09:08Z
2026-07-08,16,61,modeled,2026-07-08T13:09:08Z
2026-07-08,17,24,modeled,2026-07-08T13:09:08Z
2026-07-08,18,24,modeled,2026-07-08T13:09:08Z
2026-07-08,19,26,modeled,2026-07-08T13:09:08Z
2026-07-08,20,76,modeled,2026-07-08T13:09:08Z
2026-07-08,21,27,modeled,2026-07-08T13:09:08Z
2026-07-08,22,25,modeled,2026-07-08T13:09:08Z
2026-07-08,23,54,modeled,2026-07-08T13:09:08Z
2026-07-08,24,22,modeled,2026-07-08T13:09:08Z
2026-07-08,25,52,modeled,2026-07-08T13:09:08Z
2026-07-08,26,24,modeled,2026-07-08T13:09:08Z
2026-07-08,27,23,modeled,2026-07-08T13:09:08Z
2026-07-08,28,25,modeled,2026-07-08T13:09:08Z
2026-07-08,29,25,modeled,2026-07-08T13:09:08Z
2026-07-08,30,62,modeled,2026-07-08T13:09:08Z
2026-07-08,31,76,modeled,2026-07-08T13:09:08Z
2026-07-08,32,58,modeled,2026-07-08T13:09:08Z
2026-07-08,33,53,modeled,2026-07-08T13:09:08Z
2026-07-08,34,21,modeled,2026-07-08T13:09:08Z
2026-07-08,35,59,modeled,2026-07-08T13:09:08Z
2026-07-08,36,64,modeled,2026-07-08T13:09:08Z
2026-07-08,37,89,modeled,2026-07-08T13:09:08Z
2026-07-08,38,25,modeled,2026-07-08T13:09:08Z
2026-07-08,39,25,modeled,2026-07-08T13:09:08Z
2026-07-08,40,77,modeled,2026-07-08T13:09:08Z
2026-07-08,41,61,modeled,2026-07-08T13:09:08Z
2026-07-08,42,25,modeled,2026-07-08T13:09:08Z
2026-07-08,44,50,modeled,2026-07-08T13:09:08Z
2026-07-08,45,90,modeled,2026-07-08T13:09:08Z
2026-07-08,46,75,modeled,2026-07-08T13:09:08Z
2026-07-08,47,90,modeled,2026-07-08T13:09:08Z
2026-07-08,48,49,modeled,2026-07-08T13:09:08Z
2026-07-08,49,58,modeled,2026-07-08T13:09:08Z
2026-07-08,50,56,modeled,2026-07-08T13:09:08Z
2026-07-08,51,25,modeled,2026-07-08T13:09:08Z
2026-07-08,53,61,modeled,2026-07-08T13:09:08Z
2026-07-08,54,25,modeled,2026-07-08T13:09:08Z
2026-07-08,55,24,modeled,2026-07-08T13:09:08Z
2026-07-08,56,60,modeled,2026-07-08T13:09:08Z
2026-07-09,01,46,modeled,2026-07-09T14:07:12Z
2026-07-09,02,36,modeled,2026-07-09T14:07:12Z
2026-07-09,04,59,modeled,2026-07-09T14:07:12Z
2026-07-09,05,26,modeled,2026-07-09T14:07:12Z
2026-07-09,06,78,modeled,2026-07-09T14:07:12Z
2026-07-09,08,57,modeled,2026-07-09T14:07:12Z
2026-07-09,09,52,modeled,2026-07-09T14:07:12Z
2026-07-09,10,25,modeled,2026-07-09T14:07:12Z
2026-07-09,11,16,modeled,2026-07-09T14:07:12Z
2026-07-09,12,45,modeled,2026-07-09T14:07:12Z
2026-07-09,13,46,modeled,2026-07-09T14:07:12Z
2026-07-09,15,27,modeled,2026-07-09T14:07:12Z
2026-07-09,16,61,modeled,2026-07-09T14:07:12Z
2026-07-09,17,24,modeled,2026-07-09T14:07:12Z
2026-07-09,18,24,modeled,2026-07-09T14:07:12Z
2026-07-09,19,26,modeled,2026-07-09T14:07:12Z
2026-07-09,20,75,modeled,2026-07-09T14:07:12Z
2026-07-09,21,27,modeled,2026-07-09T14:07:12Z
2026-07-09,22,25,modeled,2026-07-09T14:07:12Z
2026-07-09,23,54,modeled,2026-07-09T14:07:12Z
2026-07-09,24,22,modeled,2026-07-09T14:07:12Z
2026-07-09,25,52,modeled,2026-07-09T14:07:12Z
2026-07-09,26,24,modeled,2026-07-09T14:07:12Z
2026-07-09,27,24,modeled,2026-07-09T14:07:12Z
2026-07-09,28,25,modeled,2026-07-09T14:07:12Z
2026-07-09,29,25,modeled,2026-07-09T14:07:12Z
2026-07-09,30,62,modeled,2026-07-09T14:07:12Z
2026-07-09,31,75,modeled,2026-07-09T14:07:12Z
2026-07-09,32,58,modeled,2026-07-09T14:07:12Z
2026-07-09,33,53,modeled,2026-07-09T14:07:12Z
2026-07-09,34,21,modeled,2026-07-09T14:07:12Z
2026-07-09,35,59,modeled,2026-07-09T14:07:12Z
2026-07-09,36,64,modeled,2026-07-09T14:07:12Z
2026-07-09,37,90,modeled,2026-07-09T14:07:12Z
2026-07-09,38,25,modeled,2026-07-09T14:07:12Z
2026-07-09,39,25,modeled,2026-07-09T14:07:12Z
2026-07-09,40,76,modeled,2026-07-09T14:07:12Z
2026-07-09,41,61,modeled,2026-07-09T14:07:12Z
2026-07-09,42,25,modeled,2026-07-09T14:07:12Z
2026-07-09,44,50,modeled,2026-07-09T14:07:12Z
2026-07-09,45,90,modeled,2026-07-09T14:07:12Z
2026-07-09,46,74,modeled,2026-07-09T14:07:12Z
2026-07-09,47,90,modeled,2026-07-09T14:07:12Z
2026-07-09,48,49,modeled,2026-07-09T14:07:12Z
2026-07-09,49,58,modeled,2026-07-09T14:07:12Z
2026-07-09,50,56,modeled,2026-07-09T14:07:12Z
2026-07-09,51,25,modeled,2026-07-09T14:07:12Z
2026-07-09,53,61,modeled,2026-07-09T14:07:12Z
2026-07-09,54,25,modeled,2026-07-09T14:07:12Z
2026-07-09,55,24,modeled,2026-07-09T14:07:12Z
2026-07-09,56,60,modeled,2026-07-09T14:07:12Z
2026-07-10,01,46,modeled,2026-07-10T13:29:02Z
2026-07-10,02,36,modeled,2026-07-10T13:29:02Z
2026-07-10,04,59,modeled,2026-07-10T13:29:02Z
2026-07-10,05,26,modeled,2026-07-10T13:29:02Z
2026-07-10,06,77,modeled,2026-07-10T13:29:02Z
2026-07-10,08,57,modeled,2026-07-10T13:29:02Z
2026-07-10,09,52,modeled,2026-07-10T13:29:02Z
2026-07-10,10,25,modeled,2026-07-10T13:29:02Z
2026-07-10,11,16,modeled,2026-07-10T13:29:02Z
2026-07-10,12,45,modeled,2026-07-10T13:29:02Z
2026-07-10,13,46,modeled,2026-07-10T13:29:02Z
2026-07-10,15,27,modeled,2026-07-10T13:29:02Z
2026-07-10,16,61,modeled,2026-07-10T13:29:02Z
2026-07-10,17,24,modeled,2026-07-10T13:29:02Z
2026-07-10,18,24,modeled,2026-07-10T13:29:02Z
2026-07-10,19,26,modeled,2026-07-10T13:29:02Z
2026-07-10,20,75,modeled,2026-07-10T13:29:02Z
2026-07-10,21,27,modeled,2026-07-10T13:29:02Z
2026-07-10,22,25,modeled,2026-07-10T13:29:02Z
2026-07-10,23,54,modeled,2026-07-10T13:29:02Z
2026-07-10,24,22,modeled,2026-07-10T13:29:02Z
2026-07-10,25,52,modeled,2026-07-10T13:29:02Z
2026-07-10,26,24,modeled,2026-07-10T13:29:02Z
2026-07-10,27,24,modeled,2026-07-10T13:29:02Z
2026-07-10,28,25,modeled,2026-07-10T13:29:02Z
2026-07-10,29,25,modeled,2026-07-10T13:29:02Z
2026-07-10,30,62,modeled,2026-07-10T13:29:02Z
2026-07-10,31,75,modeled,2026-07-10T13:29:02Z
2026-07-10,32,58,modeled,2026-07-10T13:29:02Z
2026-07-10,33,53,modeled,2026-07-10T13:29:02Z
2026-07-10,34,21,modeled,2026-07-10T13:29:02Z
2026-07-10,35,59,modeled,2026-07-10T13:29:02Z
2026-07-10,36,64,modeled,2026-07-10T13:29:02Z
2026-07-10,37,90,modeled,2026-07-10T13:29:02Z
2026-07-10,38,25,modeled,2026-07-10T13:29:02Z
2026-07-10,39,25,modeled,2026-07-10T13:29:02Z
2026-07-10,40,76,modeled,2026-07-10T13:29:02Z
2026-07-10,41,61,modeled,2026-07-10T13:29:02Z
2026-07-10,42,25,modeled,2026-07-10T13:29:02Z
2026-07-10,44,50,modeled,2026-07-10T13:29:02Z
2026-07-10,45,90,modeled,2026-07-10T13:29:02Z
2026-07-10,46,74,modeled,2026-07-10T13:29:02Z
2026-07-10,47,90,modeled,2026-07-10T13:29:02Z
2026-07-10,48,49,modeled,2026-07-10T13:29:02Z
2026-07-10,49,58,modeled,2026-07-10T13:29:02Z
2026-07-10,50,56,modeled,2026-07-10T13:29:02Z
2026-07-10,51,25,modeled,2026-07-10T13:29:02Z
2026-07-10,53,61,modeled,2026-07-10T13:29:02Z
2026-07-10,54,25,modeled,2026-07-10T13:29:02Z
2026-07-10,55,24,modeled,2026-07-10T13:29:02Z
2026-07-10,56,60,modeled,2026-07-10T13:29:02Z
2026-07-11,01,46,modeled,2026-07-11T12:31:28Z
2026-07-11,02,36,modeled,2026-07-11T12:31:28Z
2026-07-11,04,59,modeled,2026-07-11T12:31:28Z
2026-07-11,05,26,modeled,2026-07-11T12:31:28Z
2026-07-11,06,77,modeled,2026-07-11T12:31:28Z
2026-07-11,08,57,modeled,2026-07-11T12:31:28Z
2026-07-11,09,52,modeled,2026-07-11T12:31:28Z
2026-07-11,10,25,modeled,2026-07-11T12:31:28Z
2026-07-11,11,16,modeled,2026-07-11T12:31:28Z
2026-07-11,12,45,modeled,2026-07-11T12:31:28Z
2026-07-11,13,46,modeled,2026-07-11T12:31:28Z
2026-07-11,15,27,modeled,2026-07-11T12:31:28Z
2026-07-11,16,61,modeled,2026-07-11T12:31:28Z
2026-07-11,17,24,modeled,2026-07-11T12:31:28Z
2026-07-11,18,24,modeled,2026-07-11T12:31:28Z
2026-07-11,19,26,modeled,2026-07-11T12:31:28Z
2026-07-11,20,75,modeled,2026-07-11T12:31:28Z
2026-07-11,21,27,modeled,2026-07-11T12:31:28Z
2026-07-11,22,25,modeled,2026-07-11T12:31:28Z
2026-07-11,23,54,modeled,2026-07-11T12:31:28Z
2026-07-11,24,22,modeled,2026-07-11T12:31:28Z
2026-07-11,25,52,modeled,2026-07-11T12:31:28Z
2026-07-11,26,24,modeled,2026-07-11T12:31:28Z
2026-07-11,27,24,modeled,2026-07-11T12:31:28Z
2026-07-11,28,25,modeled,2026-07-11T12:31:28Z
2026-07-11,29,25,modeled,2026-07-11T12:31:28Z
2026-07-11,30,62,modeled,2026-07-11T12:31:28Z
2026-07-11,31,75,modeled,2026-07-11T12:31:28Z
2026-07-11,32,58,modeled,2026-07-11T12:31:28Z
2026-07-11,33,53,modeled,2026-07-11T12:31:28Z
2026-07-11,34,21,modeled,2026-07-11T12:31:28Z
2026-07-11,35,59,modeled,2026-07-11T12:31:28Z
2026-07-11,36,64,modeled,2026-07-11T12:31:28Z
2026-07-11,37,90,modeled,2026-07-11T12:31:28Z
2026-07-11,38,25,modeled,2026-07-11T12:31:28Z
2026-07-11,39,25,modeled,2026-07-11T12:31:28Z
2026-07-11,40,76,modeled,2026-07-11T12:31:28Z
2026-07-11,41,61,modeled,2026-07-11T12:31:28Z
2026-07-11,42,25,modeled,2026-07-11T12:31:28Z
2026-07-11,44,50,modeled,2026-07-11T12:31:28Z
2026-07-11,45,90,modeled,2026-07-11T12:31:28Z
2026-07-11,46,74,modeled,2026-07-11T12:31:28Z
2026-07-11,47,90,modeled,2026-07-11T12:31:28Z
2026-07-11,48,49,modeled,2026-07-11T12:31:28Z
2026-07-11,49,58,modeled,2026-07-11T12:31:28Z
2026-07-11,50,56,modeled,2026-07-11T12:31:28Z
2026-07-11,51,25,modeled,2026-07-11T12:31:28Z
2026-07-11,53,61,modeled,2026-07-11T12:31:28Z
2026-07-11,54,25,modeled,2026-07-11T12:31:28Z
2026-07-11,55,24,modeled,2026-07-11T12:31:28Z
2026-07-11,56,60,modeled,2026-07-11T12:31:28Z
2026-07-12,01,46,modeled,2026-07-12T12:29:34Z
2026-07-12,02,36,modeled,2026-07-12T12:29:34Z
2026-07-12,04,59,modeled,2026-07-12T12:29:34Z
2026-07-12,05,26,modeled,2026-07-12T12:29:34Z
2026-07-12,06,77,modeled,2026-07-12T12:29:34Z
2026-07-12,08,57,modeled,2026-07-12T12:29:34Z
2026-07-12,09,52,modeled,2026-07-12T12:29:34Z
2026-07-12,10,25,modeled,2026-07-12T12:29:34Z
2026-07-12,11,16,modeled,2026-07-12T12:29:34Z
2026-07-12,12,45,modeled,2026-07-12T12:29:34Z
2026-07-12,13,46,modeled,2026-07-12T12:29:34Z
2026-07-12,15,27,modeled,2026-07-12T12:29:34Z
2026-07-12,16,61,modeled,2026-07-12T12:29:34Z
2026-07-12,17,24,modeled,2026-07-12T12:29:34Z
2026-07-12,18,24,modeled,2026-07-12T12:29:34Z
2026-07-12,19,26,modeled,2026-07-12T12:29:34Z
2026-07-12,20,75,modeled,2026-07-12T12:29:34Z
2026-07-12,21,27,modeled,2026-07-12T12:29:34Z
2026-07-12,22,25,modeled,2026-07-12T12:29:34Z
2026-07-12,23,54,modeled,2026-07-12T12:29:34Z
2026-07-12,24,22,modeled,2026-07-12T12:29:34Z
2026-07-12,25,52,modeled,2026-07-12T12:29:34Z
2026-07-12,26,24,modeled,2026-07-12T12:29:34Z
2026-07-12,27,24,modeled,2026-07-12T12:29:34Z
2026-07-12,28,25,modeled,2026-07-12T12:29:34Z
2026-07-12,29,25,modeled,2026-07-12T12:29:34Z
2026-07-12,30,62,modeled,2026-07-12T12:29:34Z
2026-07-12,31,75,modeled,2026-07-12T12:29:34Z
2026-07-12,32,58,modeled,2026-07-12T12:29:34Z
2026-07-12,33,53,modeled,2026-07-12T12:29:34Z
2026-07-12,34,21,modeled,2026-07-12T12:29:34Z
2026-07-12,35,59,modeled,2026-07-12T12:29:34Z
2026-07-12,36,64,modeled,2026-07-12T12:29:34Z
2026-07-12,37,90,modeled,2026-07-12T12:29:34Z
2026-07-12,38,25,modeled,2026-07-12T12:29:34Z
2026-07-12,39,25,modeled,2026-07-12T12:29:34Z
2026-07-12,40,76,modeled,2026-07-12T12:29:34Z
2026-07-12,41,61,modeled,2026-07-12T12:29:34Z
2026-07-12,42,25,modeled,2026-07-12T12:29:34Z
2026-07-12,44,50,modeled,2026-07-12T12:29:34Z
2026-07-12,45,90,modeled,2026-07-12T12:29:34Z
2026-07-12,46,74,modeled,2026-07-12T12:29:34Z
2026-07-12,47,90,modeled,2026-07-12T12:29:34Z
2026-07-12,48,49,modeled,2026-07-12T12:29:34Z
2026-07-12,49,58,modeled,2026-07-12T12:29:34Z
2026-07-12,50,56,modeled,2026-07-12T12:29:34Z
2026-07-12,51,25,modeled,2026-07-12T12:29:34Z
2026-07-12,53,61,modeled,2026-07-12T12:29:34Z
2026-07-12,54,25,modeled,2026-07-12T12:29:34Z
2026-07-12,55,24,modeled,2026-07-12T12:29:34Z
2026-07-12,56,60,modeled,2026-07-12T12:29:34Z
2026-07-13,01,46,modeled,2026-07-13T13:36:02Z
2026-07-13,02,36,modeled,2026-07-13T13:36:02Z
2026-07-13,04,59,modeled,2026-07-13T13:36:02Z
2026-07-13,05,26,modeled,2026-07-13T13:36:02Z
2026-07-13,06,77,modeled,2026-07-13T13:36:02Z
2026-07-13,08,57,modeled,2026-07-13T13:36:02Z
2026-07-13,09,52,modeled,2026-07-13T13:36:02Z
2026-07-13,10,25,modeled,2026-07-13T13:36:02Z
2026-07-13,11,16,modeled,2026-07-13T13:36:02Z
2026-07-13,12,45,modeled,2026-07-13T13:36:02Z
2026-07-13,13,46,modeled,2026-07-13T13:36:02Z
2026-07-13,15,27,modeled,2026-07-13T13:36:02Z
2026-07-13,16,61,modeled,2026-07-13T13:36:02Z
2026-07-13,17,24,modeled,2026-07-13T13:36:02Z
2026-07-13,18,24,modeled,2026-07-13T13:36:02Z
2026-07-13,19,26,modeled,2026-07-13T13:36:02Z
2026-07-13,20,75,modeled,2026-07-13T13:36:02Z
2026-07-13,21,27,modeled,2026-07-13T13:36:02Z
2026-07-13,22,25,modeled,2026-07-13T13:36:02Z
2026-07-13,23,54,modeled,2026-07-13T13:36:02Z
2026-07-13,24,22,modeled,2026-07-13T13:36:02Z
2026-07-13,25,52,modeled,2026-07-13T13:36:02Z
2026-07-13,26,24,modeled,2026-07-13T13:36:02Z
2026-07-13,27,24,modeled,2026-07-13T13:36:02Z
2026-07-13,28,25,modeled,2026-07-13T13:36:02Z
2026-07-13,29,25,modeled,2026-07-13T13:36:02Z
2026-07-13,30,62,modeled,2026-07-13T13:36:02Z
2026-07-13,31,75,modeled,2026-07-13T13:36:02Z
2026-07-13,32,58,modeled,2026-07-13T13:36:02Z
2026-07-13,33,53,modeled,2026-07-13T13:36:02Z
2026-07-13,34,21,modeled,2026-07-13T13:36:02Z
2026-07-13,35,59,modeled,2026-07-13T13:36:02Z
2026-07-13,36,64,modeled,2026-07-13T13:36:02Z
2026-07-13,37,90,modeled,2026-07-13T13:36:02Z
2026-07-13,38,25,modeled,2026-07-13T13:36:02Z
2026-07-13,39,25,modeled,2026-07-13T13:36:02Z
2026-07-13,40,76,modeled,2026-07-13T13:36:02Z
2026-07-13,41,61,modeled,2026-07-13T13:36:02Z
2026-07-13,42,25,modeled,2026-07-13T13:36:02Z
2026-07-13,44,50,modeled,2026-07-13T13:36:02Z
2026-07-13,45,90,modeled,2026-07-13T13:36:02Z
2026-07-13,46,74,modeled,2026-07-13T13:36:02Z
2026-07-13,47,90,modeled,2026-07-13T13:36:02Z
2026-07-13,48,49,modeled,2026-07-13T13:36:02Z
2026-07-13,49,58,modeled,2026-07-13T13:36:02Z
2026-07-13,50,56,modeled,2026-07-13T13:36:02Z
2026-07-13,51,25,modeled,2026-07-13T13:36:02Z
2026-07-13,53,61,modeled,2026-07-13T13:36:02Z
2026-07-13,54,25,modeled,2026-07-13T13:36:02Z
2026-07-13,55,24,modeled,2026-07-13T13:36:02Z
2026-07-13,56,60,modeled,2026-07-13T13:36:02Z
2026-07-14,01,46,modeled,2026-07-14T12:49:38Z
2026-07-14,02,36,modeled,2026-07-14T12:49:38Z
2026-07-14,04,59,modeled,2026-07-14T12:49:38Z
2026-07-14,05,26,modeled,2026-07-14T12:49:38Z
2026-07-14,06,75,modeled,2026-07-14T12:49:38Z
2026-07-14,08,57,modeled,2026-07-14T12:49:38Z
2026-07-14,09,52,modeled,2026-07-14T12:49:38Z
2026-07-14,10,25,modeled,2026-07-14T12:49:38Z
2026-07-14,11,16,modeled,2026-07-14T12:49:38Z
2026-07-14,12,45,modeled,2026-07-14T12:49:38Z
2026-07-14,13,46,modeled,2026-07-14T12:49:38Z
2026-07-14,15,27,modeled,2026-07-14T12:49:38Z
2026-07-14,16,61,modeled,2026-07-14T12:49:38Z
2026-07-14,17,24,modeled,2026-07-14T12:49:38Z
2026-07-14,18,24,modeled,2026-07-14T12:49:38Z
2026-07-14,19,26,modeled,2026-07-14T12:49:38Z
2026-07-14,20,75,modeled,2026-07-14T12:49:38Z
2026-07-14,21,27,modeled,2026-07-14T12:49:38Z
2026-07-14,22,25,modeled,2026-07-14T12:49:38Z
2026-07-14,23,54,modeled,2026-07-14T12:49:38Z
2026-07-14,24,22,modeled,2026-07-14T12:49:38Z
2026-07-14,25,52,modeled,2026-07-14T12:49:38Z
2026-07-14,26,24,modeled,2026-07-14T12:49:38Z
2026-07-14,27,24,modeled,2026-07-14T12:49:38Z
2026-07-14,28,25,modeled,2026-07-14T12:49:38Z
2026-07-14,29,25,modeled,2026-07-14T12:49:38Z
2026-07-14,30,62,modeled,2026-07-14T12:49:38Z
2026-07-14,31,75,modeled,2026-07-14T12:49:38Z
2026-07-14,32,58,modeled,2026-07-14T12:49:38Z
2026-07-14,33,53,modeled,2026-07-14T12:49:38Z
2026-07-14,34,21,modeled,2026-07-14T12:49:38Z
2026-07-14,35,59,modeled,2026-07-14T12:49:38Z
2026-07-14,36,64,modeled,2026-07-14T12:49:38Z
2026-07-14,37,90,modeled,2026-07-14T12:49:38Z
2026-07-14,38,25,modeled,2026-07-14T12:49:38Z
2026-07-14,39,25,modeled,2026-07-14T12:49:38Z
2026-07-14,40,76,modeled,2026-07-14T12:49:38Z
2026-07-14,41,61,modeled,2026-07-14T12:49:38Z
2026-07-14,42,25,modeled,2026-07-14T12:49:38Z
2026-07-14,44,50,modeled,2026-07-14T12:49:38Z
2026-07-14,45,90,modeled,2026-07-14T12:49:38Z
2026-07-14,46,74,modeled,2026-07-14T12:49:38Z
2026-07-14,47,90,modeled,2026-07-14T12:49:38Z
2026-07-14,48,49,modeled,2026-07-14T12:49:38Z
2026-07-14,49,58,modeled,2026-07-14T12:49:38Z
2026-07-14,50,56,modeled,2026-07-14T12:49:38Z
2026-07-14,51,25,modeled,2026-07-14T12:49:38Z
2026-07-14,53,61,modeled,2026-07-14T12:49:38Z
2026-07-14,54,25,modeled,2026-07-14T12:49:38Z
2026-07-14,55,24,modeled,2026-07-14T12:49:38Z
2026-07-14,56,60,modeled,2026-07-14T12:49:38Z
2026-07-15,01,46,modeled,2026-07-15T12:53:48Z
2026-07-15,02,36,modeled,2026-07-15T12:53:48Z
2026-07-15,04,59,modeled,2026-07-15T12:53:48Z
2026-07-15,05,26,modeled,2026-07-15T12:53:48Z
2026-07-15,06,69,modeled,2026-07-15T12:53:48Z
2026-07-15,08,57,modeled,2026-07-15T12:53:48Z
2026-07-15,09,52,modeled,2026-07-15T12:53:48Z
2026-07-15,10,25,modeled,2026-07-15T12:53:48Z
2026-07-15,11,16,modeled,2026-07-15T12:53:48Z
2026-07-15,12,45,modeled,2026-07-15T12:53:48Z
2026-07-15,13,46,modeled,2026-07-15T12:53:48Z
2026-07-15,15,27,modeled,2026-07-15T12:53:48Z
2026-07-15,16,61,modeled,2026-07-15T12:53:48Z
2026-07-15,17,24,modeled,2026-07-15T12:53:48Z
2026-07-15,18,24,modeled,2026-07-15T12:53:48Z
2026-07-15,19,26,modeled,2026-07-15T12:53:48Z
2026-07-15,20,75,modeled,2026-07-15T12:53:48Z
2026-07-15,21,27,modeled,2026-07-15T12:53:48Z
2026-07-15,22,25,modeled,2026-07-15T12:53:48Z
2026-07-15,23,54,modeled,2026-07-15T12:53:48Z
2026-07-15,24,22,modeled,2026-07-15T12:53:48Z
2026-07-15,25,52,modeled,2026-07-15T12:53:48Z
2026-07-15,26,24,modeled,2026-07-15T12:53:48Z
2026-07-15,27,24,modeled,2026-07-15T12:53:48Z
2026-07-15,28,25,modeled,2026-07-15T12:53:48Z
2026-07-15,29,25,modeled,2026-07-15T12:53:48Z
2026-07-15,30,62,modeled,2026-07-15T12:53:48Z
2026-07-15,31,75,modeled,2026-07-15T12:53:48Z
2026-07-15,32,58,modeled,2026-07-15T12:53:48Z
2026-07-15,33,53,modeled,2026-07-15T12:53:48Z
2026-07-15,34,21,modeled,2026-07-15T12:53:48Z
2026-07-15,35,59,modeled,2026-07-15T12:53:48Z
2026-07-15,36,64,modeled,2026-07-15T12:53:48Z
2026-07-15,37,90,modeled,2026-07-15T12:53:48Z
2026-07-15,38,25,modeled,2026-07-15T12:53:48Z
2026-07-15,39,25,modeled,2026-07-15T12:53:48Z
2026-07-15,40,76,modeled,2026-07-15T12:53:48Z
2026-07-15,41,61,modeled,2026-07-15T12:53:48Z
2026-07-15,42,25,modeled,2026-07-15T12:53:48Z
2026-07-15,44,50,modeled,2026-07-15T12:53:48Z
2026-07-15,45,90,modeled,2026-07-15T12:53:48Z
2026-07-15,46,74,modeled,2026-07-15T12:53:48Z
2026-07-15,47,90,modeled,2026-07-15T12:53:48Z
2026-07-15,48,49,modeled,2026-07-15T12:53:48Z
2026-07-15,49,58,modeled,2026-07-15T12:53:48Z
2026-07-15,50,56,modeled,2026-07-15T12:53:48Z
2026-07-15,51,25,modeled,2026-07-15T12:53:48Z
2026-07-15,53,61,modeled,2026-07-15T12:53:48Z
2026-07-15,54,25,modeled,2026-07-15T12:53:48Z
2026-07-15,55,24,modeled,2026-07-15T12:53:48Z
2026-07-15,56,60,modeled,2026-07-15T12:53:48Z
2026-07-16,01,46,modeled,2026-07-16T13:03:29Z
2026-07-16,02,36,modeled,2026-07-16T13:03:29Z
2026-07-16,04,59,modeled,2026-07-16T13:03:29Z
2026-07-16,05,26,modeled,2026-07-16T13:03:29Z
2026-07-16,06,68,modeled,2026-07-16T13:03:29Z
2026-07-16,08,57,modeled,2026-07-16T13:03:29Z
2026-07-16,09,52,modeled,2026-07-16T13:03:29Z
2026-07-16,10,25,modeled,2026-07-16T13:03:29Z
2026-07-16,11,16,modeled,2026-07-16T13:03:29Z
2026-07-16,12,45,modeled,2026-07-16T13:03:29Z
2026-07-16,13,46,modeled,2026-07-16T13:03:29Z
2026-07-16,15,27,modeled,2026-07-16T13:03:29Z
2026-07-16,16,61,modeled,2026-07-16T13:03:29Z
2026-07-16,17,24,modeled,2026-07-16T13:03:29Z
2026-07-16,18,24,modeled,2026-07-16T13:03:29Z
2026-07-16,19,26,modeled,2026-07-16T13:03:29Z
2026-07-16,20,75,modeled,2026-07-16T13:03:29Z
2026-07-16,21,27,modeled,2026-07-16T13:03:29Z
2026-07-16,22,25,modeled,2026-07-16T13:03:29Z
2026-07-16,23,54,modeled,2026-07-16T13:03:29Z
2026-07-16,24,22,modeled,2026-07-16T13:03:29Z
2026-07-16,25,52,modeled,2026-07-16T13:03:29Z
2026-07-16,26,24,modeled,2026-07-16T13:03:29Z
2026-07-16,27,24,modeled,2026-07-16T13:03:29Z
2026-07-16,28,25,modeled,2026-07-16T13:03:29Z
2026-07-16,29,25,modeled,2026-07-16T13:03:29Z
2026-07-16,30,62,modeled,2026-07-16T13:03:29Z
2026-07-16,31,75,modeled,2026-07-16T13:03:29Z
2026-07-16,32,58,modeled,2026-07-16T13:03:29Z
2026-07-16,33,53,modeled,2026-07-16T13:03:29Z
2026-07-16,34,21,modeled,2026-07-16T13:03:29Z
2026-07-16,35,59,modeled,2026-07-16T13:03:29Z
2026-07-16,36,64,modeled,2026-07-16T13:03:29Z
2026-07-16,37,90,modeled,2026-07-16T13:03:29Z
2026-07-16,38,25,modeled,2026-07-16T13:03:29Z
2026-07-16,39,25,modeled,2026-07-16T13:03:29Z
2026-07-16,40,76,modeled,2026-07-16T13:03:29Z
2026-07-16,41,61,modeled,2026-07-16T13:03:29Z
2026-07-16,42,25,modeled,2026-07-16T13:03:29Z
2026-07-16,44,50,modeled,2026-07-16T13:03:29Z
2026-07-16,45,90,modeled,2026-07-16T13:03:29Z
2026-07-16,46,74,modeled,2026-07-16T13:03:29Z
2026-07-16,47,90,modeled,2026-07-16T13:03:29Z
2026-07-16,48,49,modeled,2026-07-16T13:03:29Z
2026-07-16,49,58,modeled,2026-07-16T13:03:29Z
2026-07-16,50,56,modeled,2026-07-16T13:03:29Z
2026-07-16,51,25,modeled,2026-07-16T13:03:29Z
2026-07-16,53,61,modeled,2026-07-16T13:03:29Z
2026-07-16,54,25,modeled,2026-07-16T13:03:29Z
2026-07-16,55,24,modeled,2026-07-16T13:03:29Z
2026-07-16,56,60,modeled,2026-07-16T13:03:29Z
2026-07-17,01,46,modeled,2026-07-17T12:44:34Z
2026-07-17,02,36,modeled,2026-07-17T12:44:34Z
2026-07-17,04,59,modeled,2026-07-17T12:44:34Z
2026-07-17,05,26,modeled,2026-07-17T12:44:34Z
2026-07-17,06,68,modeled,2026-07-17T12:44:34Z
2026-07-17,08,57,modeled,2026-07-17T12:44:34Z
2026-07-17,09,52,modeled,2026-07-17T12:44:34Z
2026-07-17,10,25,modeled,2026-07-17T12:44:34Z
2026-07-17,11,16,modeled,2026-07-17T12:44:34Z
2026-07-17,12,45,modeled,2026-07-17T12:44:34Z
2026-07-17,13,46,modeled,2026-07-17T12:44:34Z
2026-07-17,15,27,modeled,2026-07-17T12:44:34Z
2026-07-17,16,61,modeled,2026-07-17T12:44:34Z
2026-07-17,17,24,modeled,2026-07-17T12:44:34Z
2026-07-17,18,24,modeled,2026-07-17T12:44:34Z
2026-07-17,19,26,modeled,2026-07-17T12:44:34Z
2026-07-17,20,75,modeled,2026-07-17T12:44:34Z
2026-07-17,21,27,modeled,2026-07-17T12:44:34Z
2026-07-17,22,25,modeled,2026-07-17T12:44:34Z
2026-07-17,23,54,modeled,2026-07-17T12:44:34Z
2026-07-17,24,22,modeled,2026-07-17T12:44:34Z
2026-07-17,25,52,modeled,2026-07-17T12:44:34Z
2026-07-17,26,24,modeled,2026-07-17T12:44:34Z
2026-07-17,27,24,modeled,2026-07-17T12:44:34Z
2026-07-17,28,25,modeled,2026-07-17T12:44:34Z
2026-07-17,29,25,modeled,2026-07-17T12:44:34Z
2026-07-17,30,62,modeled,2026-07-17T12:44:34Z
2026-07-17,31,75,modeled,2026-07-17T12:44:34Z
2026-07-17,32,58,modeled,2026-07-17T12:44:34Z
2026-07-17,33,53,modeled,2026-07-17T12:44:34Z
2026-07-17,34,21,modeled,2026-07-17T12:44:34Z
2026-07-17,35,59,modeled,2026-07-17T12:44:34Z
2026-07-17,36,64,modeled,2026-07-17T12:44:34Z
2026-07-17,37,90,modeled,2026-07-17T12:44:34Z
2026-07-17,38,25,modeled,2026-07-17T12:44:34Z
2026-07-17,39,25,modeled,2026-07-17T12:44:34Z
2026-07-17,40,76,modeled,2026-07-17T12:44:34Z
2026-07-17,41,61,modeled,2026-07-17T12:44:34Z
2026-07-17,42,25,modeled,2026-07-17T12:44:34Z
2026-07-17,44,50,modeled,2026-07-17T12:44:34Z
2026-07-17,45,90,modeled,2026-07-17T12:44:34Z
2026-07-17,46,74,modeled,2026-07-17T12:44:34Z
2026-07-17,47,90,modeled,2026-07-17T12:44:34Z
2026-07-17,48,49,modeled,2026-07-17T12:44:34Z
2026-07-17,49,58,modeled,2026-07-17T12:44:34Z
2026-07-17,50,56,modeled,2026-07-17T12:44:34Z
2026-07-17,51,25,modeled,2026-07-17T12:44:34Z
2026-07-17,53,61,modeled,2026-07-17T12:44:34Z
2026-07-17,54,25,modeled,2026-07-17T12:44:34Z
2026-07-17,55,24,modeled,2026-07-17T12:44:34Z
2026-07-17,56,60,modeled,2026-07-17T12:44:34Z
2026-07-18,01,46,modeled,2026-07-18T12:29:19Z
2026-07-18,02,36,modeled,2026-07-18T12:29:19Z
2026-07-18,04,59,modeled,2026-07-18T12:29:19Z
2026-07-18,05,26,modeled,2026-07-18T12:29:19Z
2026-07-18,06,68,modeled,2026-07-18T12:29:19Z
2026-07-18,08,57,modeled,2026-07-18T12:29:19Z
2026-07-18,09,52,modeled,2026-07-18T12:29:19Z
2026-07-18,10,25,modeled,2026-07-18T12:29:19Z
2026-07-18,11,16,modeled,2026-07-18T12:29:19Z
2026-07-18,12,45,modeled,2026-07-18T12:29:19Z
2026-07-18,13,46,modeled,2026-07-18T12:29:19Z
2026-07-18,15,27,modeled,2026-07-18T12:29:19Z
2026-07-18,16,61,modeled,2026-07-18T12:29:19Z
2026-07-18,17,24,modeled,2026-07-18T12:29:19Z
2026-07-18,18,24,modeled,2026-07-18T12:29:19Z
2026-07-18,19,26,modeled,2026-07-18T12:29:19Z
2026-07-18,20,75,modeled,2026-07-18T12:29:19Z
2026-07-18,21,27,modeled,2026-07-18T12:29:19Z
2026-07-18,22,25,modeled,2026-07-18T12:29:19Z
2026-07-18,23,54,modeled,2026-07-18T12:29:19Z
2026-07-18,24,22,modeled,2026-07-18T12:29:19Z
2026-07-18,25,52,modeled,2026-07-18T12:29:19Z
2026-07-18,26,24,modeled,2026-07-18T12:29:19Z
2026-07-18,27,24,modeled,2026-07-18T12:29:19Z
2026-07-18,28,25,modeled,2026-07-18T12:29:19Z
2026-07-18,29,25,modeled,2026-07-18T12:29:19Z
2026-07-18,30,62,modeled,2026-07-18T12:29:19Z
2026-07-18,31,75,modeled,2026-07-18T12:29:19Z
2026-07-18,32,58,modeled,2026-07-18T12:29:19Z
2026-07-18,33,53,modeled,2026-07-18T12:29:19Z
2026-07-18,34,21,modeled,2026-07-18T12:29:19Z
2026-07-18,35,59,modeled,2026-07-18T12:29:19Z
2026-07-18,36,64,modeled,2026-07-18T12:29:19Z
2026-07-18,37,90,modeled,2026-07-18T12:29:19Z
2026-07-18,38,25,modeled,2026-07-18T12:29:19Z
2026-07-18,39,25,modeled,2026-07-18T12:29:19Z
2026-07-18,40,76,modeled,2026-07-18T12:29:19Z
2026-07-18,41,61,modeled,2026-07-18T12:29:19Z
2026-07-18,42,25,modeled,2026-07-18T12:29:19Z
2026-07-18,44,50,modeled,2026-07-18T12:29:19Z
2026-07-18,45,90,modeled,2026-07-18T12:29:19Z
2026-07-18,46,74,modeled,2026-07-18T12:29:19Z
2026-07-18,47,90,modeled,2026-07-18T12:29:19Z
2026-07-18,48,49,modeled,2026-07-18T12:29:19Z
2026-07-18,49,58,modeled,2026-07-18T12:29:19Z
2026-07-18,50,56,modeled,2026-07-18T12:29:19Z
2026-07-18,51,25,modeled,2026-07-18T12:29:19Z
2026-07-18,53,61,modeled,2026-07-18T12:29:19Z
2026-07-18,54,25,modeled,2026-07-18T12:29:19Z
2026-07-18,55,24,modeled,2026-07-18T12:29:19Z
2026-07-18,56,60,modeled,2026-07-18T12:29:19Z
2026-07-19,01,46,modeled,2026-07-19T12:28:22Z
2026-07-19,02,36,modeled,2026-07-19T12:28:22Z
2026-07-19,04,59,modeled,2026-07-19T12:28:22Z
2026-07-19,05,26,modeled,2026-07-19T12:28:22Z
2026-07-19,06,68,modeled,2026-07-19T12:28:22Z
2026-07-19,08,57,modeled,2026-07-19T12:28:22Z
2026-07-19,09,52,modeled,2026-07-19T12:28:22Z
2026-07-19,10,25,modeled,2026-07-19T12:28:22Z
2026-07-19,11,16,modeled,2026-07-19T12:28:22Z
2026-07-19,12,45,modeled,2026-07-19T12:28:22Z
2026-07-19,13,46,modeled,2026-07-19T12:28:22Z
2026-07-19,15,27,modeled,2026-07-19T12:28:22Z
2026-07-19,16,61,modeled,2026-07-19T12:28:22Z
2026-07-19,17,24,modeled,2026-07-19T12:28:22Z
2026-07-19,18,24,modeled,2026-07-19T12:28:22Z
2026-07-19,19,26,modeled,2026-07-19T12:28:22Z
2026-07-19,20,75,modeled,2026-07-19T12:28:22Z
2026-07-19,21,27,modeled,2026-07-19T12:28:22Z
2026-07-19,22,25,modeled,2026-07-19T12:28:22Z
2026-07-19,23,54,modeled,2026-07-19T12:28:22Z
2026-07-19,24,22,modeled,2026-07-19T12:28:22Z
2026-07-19,25,52,modeled,2026-07-19T12:28:22Z
2026-07-19,26,24,modeled,2026-07-19T12:28:22Z
2026-07-19,27,24,modeled,2026-07-19T12:28:22Z
2026-07-19,28,25,modeled,2026-07-19T12:28:22Z
2026-07-19,29,25,modeled,2026-07-19T12:28:22Z
2026-07-19,30,62,modeled,2026-07-19T12:28:22Z
2026-07-19,31,75,modeled,2026-07-19T12:28:22Z
2026-07-19,32,58,modeled,2026-07-19T12:28:22Z
2026-07-19,33,53,modeled,2026-07-19T12:28:22Z
2026-07-19,34,21,modeled,2026-07-19T12:28:22Z
2026-07-19,35,59,modeled,2026-07-19T12:28:22Z
2026-07-19,36,64,modeled,2026-07-19T12:28:22Z
2026-07-19,37,90,modeled,2026-07-19T12:28:22Z
2026-07-19,38,25,modeled,2026-07-19T12:28:22Z
2026-07-19,39,25,modeled,2026-07-19T12:28:22Z
2026-07-19,40,76,modeled,2026-07-19T12:28:22Z
2026-07-19,41,61,modeled,2026-07-19T12:28:22Z
2026-07-19,42,25,modeled,2026-07-19T12:28:22Z
2026-07-19,44,50,modeled,2026-07-19T12:28:22Z
2026-07-19,45,90,modeled,2026-07-19T12:28:22Z
2026-07-19,46,74,modeled,2026-07-19T12:28:22Z
2026-07-19,47,90,modeled,2026-07-19T12:28:22Z
2026-07-19,48,49,modeled,2026-07-19T12:28:22Z
2026-07-19,49,58,modeled,2026-07-19T12:28:22Z
2026-07-19,50,56,modeled,2026-07-19T12:28:22Z
2026-07-19,51,25,modeled,2026-07-19T12:28:22Z
2026-07-19,53,61,modeled,2026-07-19T12:28:22Z
2026-07-19,54,25,modeled,2026-07-19T12:28:22Z
2026-07-19,55,24,modeled,2026-07-19T12:28:22Z
2026-07-19,56,60,modeled,2026-07-19T12:28:22Z
2026-07-20,01,46,modeled,2026-07-20T21:58:29Z
2026-07-20,02,36,modeled,2026-07-20T21:58:29Z
2026-07-20,04,58,modeled,2026-07-20T21:58:29Z
2026-07-20,05,26,modeled,2026-07-20T21:58:29Z
2026-07-20,06,68,modeled,2026-07-20T21:58:29Z
2026-07-20,08,57,modeled,2026-07-20T21:58:29Z
2026-07-20,09,52,modeled,2026-07-20T21:58:29Z
2026-07-20,10,25,modeled,2026-07-20T21:58:29Z
2026-07-20,11,16,modeled,2026-07-20T21:58:29Z
2026-07-20,12,45,modeled,2026-07-20T21:58:29Z
2026-07-20,13,46,modeled,2026-07-20T21:58:29Z
2026-07-20,15,27,modeled,2026-07-20T21:58:29Z
2026-07-20,16,61,modeled,2026-07-20T21:58:29Z
2026-07-20,17,24,modeled,2026-07-20T21:58:29Z
2026-07-20,18,24,modeled,2026-07-20T21:58:29Z
2026-07-20,19,26,modeled,2026-07-20T21:58:29Z
2026-07-20,20,66,modeled,2026-07-20T21:58:29Z
2026-07-20,21,27,modeled,2026-07-20T21:58:29Z
2026-07-20,22,25,modeled,2026-07-20T21:58:29Z
2026-07-20,23,54,modeled,2026-07-20T21:58:29Z
2026-07-20,24,22,modeled,2026-07-20T21:58:29Z
2026-07-20,25,52,modeled,2026-07-20T21:58:29Z
2026-07-20,26,24,modeled,2026-07-20T21:58:29Z
2026-07-20,27,24,modeled,2026-07-20T21:58:29Z
2026-07-20,28,25,modeled,2026-07-20T21:58:29Z
2026-07-20,29,25,modeled,2026-07-20T21:58:29Z
2026-07-20,30,62,modeled,2026-07-20T21:58:29Z
2026-07-20,31,66,modeled,2026-07-20T21:58:29Z
2026-07-20,32,58,modeled,2026-07-20T21:58:29Z
2026-07-20,33,53,modeled,2026-07-20T21:58:29Z
2026-07-20,34,21,modeled,2026-07-20T21:58:29Z
2026-07-20,35,59,modeled,2026-07-20T21:58:29Z
2026-07-20,36,64,modeled,2026-07-20T21:58:29Z
2026-07-20,37,90,modeled,2026-07-20T21:58:29Z
2026-07-20,38,25,modeled,2026-07-20T21:58:29Z
2026-07-20,39,25,modeled,2026-07-20T21:58:29Z
2026-07-20,40,68,modeled,2026-07-20T21:58:29Z
2026-07-20,41,60,modeled,2026-07-20T21:58:29Z
2026-07-20,42,25,modeled,2026-07-20T21:58:29Z
2026-07-20,44,50,modeled,2026-07-20T21:58:29Z
2026-07-20,45,90,modeled,2026-07-20T21:58:29Z
2026-07-20,46,66,modeled,2026-07-20T21:58:29Z
2026-07-20,47,90,modeled,2026-07-20T21:58:29Z
2026-07-20,48,46,modeled,2026-07-20T21:58:29Z
2026-07-20,49,57,modeled,2026-07-20T21:58:29Z
2026-07-20,50,56,modeled,2026-07-20T21:58:29Z
2026-07-20,51,25,modeled,2026-07-20T21:58:29Z
2026-07-20,53,61,modeled,2026-07-20T21:58:29Z
2026-07-20,54,25,modeled,2026-07-20T21:58:29Z
2026-07-20,55,24,modeled,2026-07-20T21:58:29Z
2026-07-20,56,60,modeled,2026-07-20T21:58:29Z
2026-07-21,01,45,modeled,2026-07-21T15:06:17Z
2026-07-21,02,36,modeled,2026-07-21T15:06:17Z
2026-07-21,04,58,modeled,2026-07-21T15:06:17Z
2026-07-21,05,25,modeled,2026-07-21T15:06:17Z
2026-07-21,06,68,modeled,2026-07-21T15:06:17Z
2026-07-21,08,57,modeled,2026-07-21T15:06:17Z
2026-07-21,09,52,modeled,2026-07-21T15:06:17Z
2026-07-21,10,35,modeled,2026-07-21T15:06:17Z
2026-07-21,11,26,modeled,2026-07-21T15:06:17Z
2026-07-21,12,44,modeled,2026-07-21T15:06:17Z
2026-07-21,13,46,modeled,2026-07-21T15:06:17Z
2026-07-21,15,26,modeled,2026-07-21T15:06:17Z
2026-07-21,16,61,modeled,2026-07-21T15:06:17Z
2026-07-21,17,23,modeled,2026-07-21T15:06:17Z
2026-07-21,18,24,modeled,2026-07-21T15:06:17Z
2026-07-21,19,25,modeled,2026-07-21T15:06:17Z
2026-07-21,20,52,modeled,2026-07-21T15:06:17Z
2026-07-21,21,36,modeled,2026-07-21T15:06:17Z
2026-07-21,22,25,modeled,2026-07-21T15:06:17Z
2026-07-21,23,54,modeled,2026-07-21T15:06:17Z
2026-07-21,24,32,modeled,2026-07-21T15:06:17Z
2026-07-21,25,51,modeled,2026-07-21T15:06:17Z
2026-07-21,26,23,modeled,2026-07-21T15:06:17Z
2026-07-21,27,23,modeled,2026-07-21T15:06:17Z
2026-07-21,28,24,modeled,2026-07-21T15:06:17Z
2026-07-21,29,24,modeled,2026-07-21T15:06:17Z
2026-07-21,30,62,modeled,2026-07-21T15:06:17Z
2026-07-21,31,52,modeled,2026-07-21T15:06:17Z
2026-07-21,32,58,modeled,2026-07-21T15:06:17Z
2026-07-21,33,52,modeled,2026-07-21T15:06:17Z
2026-07-21,34,31,modeled,2026-07-21T15:06:17Z
2026-07-21,35,59,modeled,2026-07-21T15:06:17Z
2026-07-21,36,63,modeled,2026-07-21T15:06:17Z
2026-07-21,37,90,modeled,2026-07-21T15:06:17Z
2026-07-21,38,24,modeled,2026-07-21T15:06:17Z
2026-07-21,39,35,modeled,2026-07-21T15:06:17Z
2026-07-21,40,54,modeled,2026-07-21T15:06:17Z
2026-07-21,41,60,modeled,2026-07-21T15:06:17Z
2026-07-21,42,35,modeled,2026-07-21T15:06:17Z
2026-07-21,44,50,modeled,2026-07-21T15:06:17Z
2026-07-21,45,90,modeled,2026-07-21T15:06:17Z
2026-07-21,46,52,modeled,2026-07-21T15:06:17Z
2026-07-21,47,90,modeled,2026-07-21T15:06:17Z
2026-07-21,48,46,modeled,2026-07-21T15:06:17Z
2026-07-21,49,57,modeled,2026-07-21T15:06:17Z
2026-07-21,50,55,modeled,2026-07-21T15:06:17Z
2026-07-21,51,35,modeled,2026-07-21T15:06:17Z
2026-07-21,53,61,modeled,2026-07-21T15:06:17Z
2026-07-21,54,35,modeled,2026-07-21T15:06:17Z
2026-07-21,55,24,modeled,2026-07-21T15:06:17Z
2026-07-21,56,60,modeled,2026-07-21T15:06:17Z
